web-scraper-order,web-scraper-start-url,brands,brands-href
1595276171-1,https://www.notino.it/marche-cosmetici/,AA Cosmetics,https://www.notino.it/aa-cosmetics/
1595276171-2,https://www.notino.it/marche-cosmetici/,Abercrombie & Fitch,https://www.notino.it/abercrombie-fitch/
1595276171-3,https://www.notino.it/marche-cosmetici/,Academie,https://www.notino.it/academie/
1595276171-4,https://www.notino.it/marche-cosmetici/,Acqua dell' Elba,https://www.notino.it/acqua-dell-elba/
1595276171-5,https://www.notino.it/marche-cosmetici/,Acqua di Selva,https://www.notino.it/acqua-di-selva/
1595276171-6,https://www.notino.it/marche-cosmetici/,Adam Levine,https://www.notino.it/adam-levine/
1595276171-7,https://www.notino.it/marche-cosmetici/,A-Derma,https://www.notino.it/a-derma/
1595276171-8,https://www.notino.it/marche-cosmetici/,Adidas,https://www.notino.it/adidas/
1595276171-9,https://www.notino.it/marche-cosmetici/,Adidas Originals,https://www.notino.it/adidas-originals/
1595276171-10,https://www.notino.it/marche-cosmetici/,Adolfo Dominguez,https://www.notino.it/adolfo-dominguez/
1595276171-11,https://www.notino.it/marche-cosmetici/,Afnan,https://www.notino.it/afnan/
1595276171-12,https://www.notino.it/marche-cosmetici/,Agent Provocateur,https://www.notino.it/agent-provocateur/
1595276171-13,https://www.notino.it/marche-cosmetici/,AirStocking,https://www.notino.it/airstocking/
1595276171-14,https://www.notino.it/marche-cosmetici/,Ajax,https://www.notino.it/ajax/
1595276171-15,https://www.notino.it/marche-cosmetici/,Ajmal,https://www.notino.it/ajmal/
1595276171-17,https://www.notino.it/marche-cosmetici/,Albiva,https://www.notino.it/albiva/
1595276171-18,https://www.notino.it/marche-cosmetici/,Alcina,https://www.notino.it/alcina/
1595276171-19,https://www.notino.it/marche-cosmetici/,Alena Šeredová,https://www.notino.it/alena-seredova/
1595276171-20,https://www.notino.it/marche-cosmetici/,Alfaparf Milano,https://www.notino.it/alfaparf-milano/
1595276171-21,https://www.notino.it/marche-cosmetici/,Alfred Sung,https://www.notino.it/alfred-sung/
1595276171-16,https://www.notino.it/marche-cosmetici/,Al Haramain,https://www.notino.it/al-haramain/
1595276171-22,https://www.notino.it/marche-cosmetici/,Allskin,https://www.notino.it/allskin/
1595276171-23,https://www.notino.it/marche-cosmetici/,Alpecin,https://www.notino.it/alpecin/
1595276171-24,https://www.notino.it/marche-cosmetici/,Alphanova,https://www.notino.it/alphanova/
1595276171-25,https://www.notino.it/marche-cosmetici/,Altermed,https://www.notino.it/altermed/
1595276171-26,https://www.notino.it/marche-cosmetici/,Alterna,https://www.notino.it/alterna/
1595276171-27,https://www.notino.it/marche-cosmetici/,Always,https://www.notino.it/always/
1595276171-28,https://www.notino.it/marche-cosmetici/,Alyssa Ashley,https://www.notino.it/alyssa-ashley/
1595276171-29,https://www.notino.it/marche-cosmetici/,Ambientair,https://www.notino.it/ambientair/
1595276171-30,https://www.notino.it/marche-cosmetici/,AmbiPur,https://www.notino.it/ambipur/
1595276171-65,https://www.notino.it/marche-cosmetici/,Âme Pure,https://www.notino.it/ame-pure/
1595276171-31,https://www.notino.it/marche-cosmetici/,American Crew,https://www.notino.it/american-crew/
1595276171-32,https://www.notino.it/marche-cosmetici/,Amouage,https://www.notino.it/amouage/
1595276171-33,https://www.notino.it/marche-cosmetici/,Angel Schlesser,https://www.notino.it/angel-schlesser/
1595276171-34,https://www.notino.it/marche-cosmetici/,Animale,https://www.notino.it/animale/
1595276171-35,https://www.notino.it/marche-cosmetici/,Anna Sui,https://www.notino.it/anna-sui/
1595276171-36,https://www.notino.it/marche-cosmetici/,Annayake,https://www.notino.it/annayake/
1595276171-37,https://www.notino.it/marche-cosmetici/,Annick Goutal,https://www.notino.it/annick-goutal/
1595276171-38,https://www.notino.it/marche-cosmetici/,Antonio Banderas,https://www.notino.it/antonio-banderas/
1595276171-39,https://www.notino.it/marche-cosmetici/,Antonio Puig,https://www.notino.it/antonio-puig/
1595276171-40,https://www.notino.it/marche-cosmetici/,Apothecary 87,https://www.notino.it/apothecary-87/
1595276171-41,https://www.notino.it/marche-cosmetici/,Aquafresh,https://www.notino.it/aquafresh/
1595276171-42,https://www.notino.it/marche-cosmetici/,Aquolina,https://www.notino.it/aquolina/
1595276171-43,https://www.notino.it/marche-cosmetici/,Aramis,https://www.notino.it/aramis/
1595276171-44,https://www.notino.it/marche-cosmetici/,Arcocere,https://www.notino.it/arcocere/
1595276171-45,https://www.notino.it/marche-cosmetici/,Ardell,https://www.notino.it/ardell/
1595276171-46,https://www.notino.it/marche-cosmetici/,Argan Oil,https://www.notino.it/argan-oil/
1595276171-47,https://www.notino.it/marche-cosmetici/,Ariana Grande,https://www.notino.it/ariana-grande/
1595276171-48,https://www.notino.it/marche-cosmetici/,Ariel,https://www.notino.it/ariel/
1595276171-49,https://www.notino.it/marche-cosmetici/,Armaf,https://www.notino.it/armaf/
1595276171-50,https://www.notino.it/marche-cosmetici/,Armand Basi,https://www.notino.it/armand-basi/
1595276171-51,https://www.notino.it/marche-cosmetici/,Armani,https://www.notino.it/armani/
1595276171-52,https://www.notino.it/marche-cosmetici/,Ashleigh & Burwood London,https://www.notino.it/ashleigh-burwood-london/
1595276171-53,https://www.notino.it/marche-cosmetici/,ASIOO,https://www.notino.it/asioo/
1595276171-54,https://www.notino.it/marche-cosmetici/,Asombroso by Osmany Laffita,https://www.notino.it/asombroso/
1595276171-55,https://www.notino.it/marche-cosmetici/,Astor,https://www.notino.it/astor/
1595276171-56,https://www.notino.it/marche-cosmetici/,Astrid,https://www.notino.it/astrid/
1595276171-57,https://www.notino.it/marche-cosmetici/,Atkinsons,https://www.notino.it/atkinsons/
1595276171-58,https://www.notino.it/marche-cosmetici/,Auriga,https://www.notino.it/auriga/
1595276171-59,https://www.notino.it/marche-cosmetici/,Aussie,https://www.notino.it/aussie/
1595276171-60,https://www.notino.it/marche-cosmetici/,Aveda,https://www.notino.it/aveda/
1595276171-61,https://www.notino.it/marche-cosmetici/,Avène,https://www.notino.it/avene/
1595276171-62,https://www.notino.it/marche-cosmetici/,Avon,https://www.notino.it/avon/
1595276171-63,https://www.notino.it/marche-cosmetici/,Axe,https://www.notino.it/axe/
1595276171-64,https://www.notino.it/marche-cosmetici/,Azzaro,https://www.notino.it/azzaro/
1595276171-67,https://www.notino.it/marche-cosmetici/,Babaria,https://www.notino.it/babaria/
1595276171-68,https://www.notino.it/marche-cosmetici/,BaByliss,https://www.notino.it/babyliss/
1595276171-69,https://www.notino.it/marche-cosmetici/,BaByliss PRO,https://www.notino.it/babyliss-pro/
1595276171-70,https://www.notino.it/marche-cosmetici/,Badger,https://www.notino.it/badger/
1595276171-71,https://www.notino.it/marche-cosmetici/,Baldessarini,https://www.notino.it/baldessarini/
1595276171-72,https://www.notino.it/marche-cosmetici/,Balenciaga,https://www.notino.it/balenciaga/
1595276171-74,https://www.notino.it/marche-cosmetici/,Banana Republic,https://www.notino.it/banana-republic/
1595276171-75,https://www.notino.it/marche-cosmetici/,Baobab,https://www.notino.it/baobab/
1595276171-76,https://www.notino.it/marche-cosmetici/,Barbie,https://www.notino.it/barbie/
1595276171-77,https://www.notino.it/marche-cosmetici/,Barnängen,https://www.notino.it/barnangen/
1595276171-78,https://www.notino.it/marche-cosmetici/,Barry M,https://www.notino.it/barry-m/
1595276171-79,https://www.notino.it/marche-cosmetici/,Bath & Body Works,https://www.notino.it/bath-body-works/
1595276171-80,https://www.notino.it/marche-cosmetici/,Batiste,https://www.notino.it/batiste/
1595276171-81,https://www.notino.it/marche-cosmetici/,Baylis & Harding,https://www.notino.it/baylis-harding/
1595276171-82,https://www.notino.it/marche-cosmetici/,beautyblender®,https://www.notino.it/beautyblender/
1595276171-83,https://www.notino.it/marche-cosmetici/,Bel,https://www.notino.it/bel/
1595276171-84,https://www.notino.it/marche-cosmetici/,Bellissima,https://www.notino.it/bellissima/
1595276171-85,https://www.notino.it/marche-cosmetici/,Below the Belt Grooming,https://www.notino.it/below-the-belt/
1595276171-86,https://www.notino.it/marche-cosmetici/,Benecos,https://www.notino.it/benecos/
1595276171-87,https://www.notino.it/marche-cosmetici/,Benetton,https://www.notino.it/benetton/
1595276171-88,https://www.notino.it/marche-cosmetici/,Bentley,https://www.notino.it/bentley/
1595276171-89,https://www.notino.it/marche-cosmetici/,Benton,https://www.notino.it/benton/
1595276171-90,https://www.notino.it/marche-cosmetici/,Bepanthen,https://www.notino.it/bepanthen/
1595276171-91,https://www.notino.it/marche-cosmetici/,Betty Boop,https://www.notino.it/betty-boop/
1595276171-92,https://www.notino.it/marche-cosmetici/,Beverly Hills Formula,https://www.notino.it/beverly-hills-formula/
1595276171-93,https://www.notino.it/marche-cosmetici/,Beviro,https://www.notino.it/be-viro-mens-only/
1595276171-94,https://www.notino.it/marche-cosmetici/,Beyoncé,https://www.notino.it/beyonce/
1595276171-95,https://www.notino.it/marche-cosmetici/,BH Cosmetics,https://www.notino.it/bhcosmetics/
1595276171-96,https://www.notino.it/marche-cosmetici/,Bielenda,https://www.notino.it/bielenda/
1595276171-97,https://www.notino.it/marche-cosmetici/,Bijan,https://www.notino.it/bijan/
1595276171-98,https://www.notino.it/marche-cosmetici/,Bio Beauté by Nuxe,https://www.notino.it/bio-beaute-by-nuxe/
1595276171-100,https://www.notino.it/marche-cosmetici/,Bioderma,https://www.notino.it/bioderma/
1595276171-99,https://www.notino.it/marche-cosmetici/,Bio Ionic,https://www.notino.it/bio-ionic/
1595276171-101,https://www.notino.it/marche-cosmetici/,Biolage,https://www.notino.it/biolage/
1595276171-102,https://www.notino.it/marche-cosmetici/,Bioliq,https://www.notino.it/bioliq/
1595276171-103,https://www.notino.it/marche-cosmetici/,Bione Cosmetics,https://www.notino.it/bione-cosmetics/
1595276171-104,https://www.notino.it/marche-cosmetici/,Bio-Oil,https://www.notino.it/bio-oil/
1595276171-105,https://www.notino.it/marche-cosmetici/,Biorepair,https://www.notino.it/biorepair/
1595276171-106,https://www.notino.it/marche-cosmetici/,Biosilk,https://www.notino.it/biosilk/
1595276171-107,https://www.notino.it/marche-cosmetici/,Biotherm,https://www.notino.it/biotherm/
1595276171-108,https://www.notino.it/marche-cosmetici/,BlanX,https://www.notino.it/blanx/
1595276171-109,https://www.notino.it/marche-cosmetici/,Blistex,https://www.notino.it/blistex/
1595276171-110,https://www.notino.it/marche-cosmetici/,Bloom,https://www.notino.it/bloom/
1595276171-111,https://www.notino.it/marche-cosmetici/,Bloomy Lotus,https://www.notino.it/bloomy-lotus/
1595276171-112,https://www.notino.it/marche-cosmetici/,Blumarine,https://www.notino.it/blumarine/
1595276171-113,https://www.notino.it/marche-cosmetici/,Boadicea the Victorious,https://www.notino.it/boadicea-the-victorious/
1595276171-114,https://www.notino.it/marche-cosmetici/,Bobbi Brown,https://www.notino.it/bobbi-brown/
1595276171-115,https://www.notino.it/marche-cosmetici/,BodyBoom,https://www.notino.it/bodyboom/
1595276171-116,https://www.notino.it/marche-cosmetici/,Bohemia Crystal,https://www.notino.it/bohemia-crystal/
1595276171-117,https://www.notino.it/marche-cosmetici/,Bohemia Gifts & Cosmetics,https://www.notino.it/bohemia-gifts-cosmetics/
1595276171-118,https://www.notino.it/marche-cosmetici/,Bois 1920,https://www.notino.it/bois-1920/
1595276171-119,https://www.notino.it/marche-cosmetici/,Bond No. 9,https://www.notino.it/bond-no-9/
1595276171-120,https://www.notino.it/marche-cosmetici/,Borotalco,https://www.notino.it/borotalco/
1595276171-121,https://www.notino.it/marche-cosmetici/,Bottega Veneta,https://www.notino.it/bottega-veneta/
1595276171-122,https://www.notino.it/marche-cosmetici/,Boucheron,https://www.notino.it/boucheron/
1595276171-123,https://www.notino.it/marche-cosmetici/,Bourjois,https://www.notino.it/bourjois/
1595276171-124,https://www.notino.it/marche-cosmetici/,Braun,https://www.notino.it/braun/
1595276171-125,https://www.notino.it/marche-cosmetici/,Brazil Keratin,https://www.notino.it/brazil-keratin/
1595276171-126,https://www.notino.it/marche-cosmetici/,Britney Spears,https://www.notino.it/britney-spears/
1595276171-127,https://www.notino.it/marche-cosmetici/,Bruno Banani,https://www.notino.it/bruno-banani/
1595276171-128,https://www.notino.it/marche-cosmetici/,BrushArt,https://www.notino.it/brushart/
1595276171-66,https://www.notino.it/marche-cosmetici/,B.U.,https://www.notino.it/bu/
1595276171-130,https://www.notino.it/marche-cosmetici/,Bübchen,https://www.notino.it/bubchen/
1595276171-131,https://www.notino.it/marche-cosmetici/,Bulldog,https://www.notino.it/bulldog/
1595276171-132,https://www.notino.it/marche-cosmetici/,Burberry,https://www.notino.it/burberry/
1595276171-133,https://www.notino.it/marche-cosmetici/,Burt’s Bees,https://www.notino.it/burts-bees/
1595276171-134,https://www.notino.it/marche-cosmetici/,By Kilian,https://www.notino.it/by-kilian/
1595276171-137,https://www.notino.it/marche-cosmetici/,Byredo,https://www.notino.it/byredo/
1595276171-135,https://www.notino.it/marche-cosmetici/,By Terry,https://www.notino.it/by-terry/
1595276171-136,https://www.notino.it/marche-cosmetici/,By Wishtrend,https://www.notino.it/by-wishtrend/
1595276171-138,https://www.notino.it/marche-cosmetici/,Cacharel,https://www.notino.it/cacharel/
1595276171-139,https://www.notino.it/marche-cosmetici/,Cadentia,https://www.notino.it/cadentia/
1595276171-140,https://www.notino.it/marche-cosmetici/,Calgon,https://www.notino.it/calgon/
1595276171-141,https://www.notino.it/marche-cosmetici/,Calvin Klein,https://www.notino.it/calvin-klein/
1595276171-142,https://www.notino.it/marche-cosmetici/,Capillan,https://www.notino.it/capillan/
1595276171-143,https://www.notino.it/marche-cosmetici/,Captain Fawcett,https://www.notino.it/captain-fawcett/
1595276171-144,https://www.notino.it/marche-cosmetici/,Carefree,https://www.notino.it/carefree/
1595276171-145,https://www.notino.it/marche-cosmetici/,Carmex,https://www.notino.it/carmex/
1595276171-146,https://www.notino.it/marche-cosmetici/,Carolina Herrera,https://www.notino.it/carolina-herrera/
1595276171-147,https://www.notino.it/marche-cosmetici/,Caron,https://www.notino.it/caron/
1595276171-148,https://www.notino.it/marche-cosmetici/,Cartier,https://www.notino.it/cartier/
1595276171-149,https://www.notino.it/marche-cosmetici/,Catrice,https://www.notino.it/catrice/
1595276171-150,https://www.notino.it/marche-cosmetici/,Caudalie,https://www.notino.it/caudalie/
1595276171-151,https://www.notino.it/marche-cosmetici/,Cece of Sweden,https://www.notino.it/cece-of-sweden/
1595276171-152,https://www.notino.it/marche-cosmetici/,Cera,https://www.notino.it/cera/
1595276171-153,https://www.notino.it/marche-cosmetici/,CeraVe,https://www.notino.it/cerave/
1595276171-154,https://www.notino.it/marche-cosmetici/,Cerruti,https://www.notino.it/cerruti/
1595276171-155,https://www.notino.it/marche-cosmetici/,Cetaphil,https://www.notino.it/cetaphil/
1595276171-156,https://www.notino.it/marche-cosmetici/,Chando,https://www.notino.it/chando/
1595276171-157,https://www.notino.it/marche-cosmetici/,Chanel,https://www.notino.it/chanel/
1595276171-158,https://www.notino.it/marche-cosmetici/,Chanson,https://www.notino.it/chanson/
1595276171-159,https://www.notino.it/marche-cosmetici/,Charcoal,https://www.notino.it/charcoal/
1595276171-160,https://www.notino.it/marche-cosmetici/,CHI,https://www.notino.it/chi/
1595276171-161,https://www.notino.it/marche-cosmetici/,Chiara Ambra,https://www.notino.it/chiara-ambra/
1595276171-162,https://www.notino.it/marche-cosmetici/,Chilly,https://www.notino.it/chilly/
1595276171-163,https://www.notino.it/marche-cosmetici/,Chloé,https://www.notino.it/chloe/
1595276171-164,https://www.notino.it/marche-cosmetici/,Chopard,https://www.notino.it/chopard/
1595276171-165,https://www.notino.it/marche-cosmetici/,Chris Adams,https://www.notino.it/chris-adams/
1595276171-166,https://www.notino.it/marche-cosmetici/,Christian Audigier,https://www.notino.it/christian-audigier/
1595276171-167,https://www.notino.it/marche-cosmetici/,Christian Siriano,https://www.notino.it/christian-siriano/
1595276171-168,https://www.notino.it/marche-cosmetici/,Christina Aguilera,https://www.notino.it/christina-aguilera/
1595276171-169,https://www.notino.it/marche-cosmetici/,Chromwell,https://www.notino.it/chromwell/
1595276171-170,https://www.notino.it/marche-cosmetici/,Cif,https://www.notino.it/cif/
1595276171-171,https://www.notino.it/marche-cosmetici/,Cillit,https://www.notino.it/cillit/
1595276171-172,https://www.notino.it/marche-cosmetici/,Clarins,https://www.notino.it/clarins/
1595276171-173,https://www.notino.it/marche-cosmetici/,Clarisonic,https://www.notino.it/clarisonic/
1595276171-174,https://www.notino.it/marche-cosmetici/,Claudia Schiffer Make Up,https://www.notino.it/claudia-schiffer-make-up/
1595276171-175,https://www.notino.it/marche-cosmetici/,CLEAN,https://www.notino.it/clean/
1595276171-176,https://www.notino.it/marche-cosmetici/,Clean & Clear,https://www.notino.it/clean-clear/
1595276171-177,https://www.notino.it/marche-cosmetici/,Clin,https://www.notino.it/clin/
1595276171-178,https://www.notino.it/marche-cosmetici/,Clinique,https://www.notino.it/clinique/
1595276171-179,https://www.notino.it/marche-cosmetici/,Clive Christian,https://www.notino.it/clive-christian/
1595276171-180,https://www.notino.it/marche-cosmetici/,Clochee,https://www.notino.it/clochee/
1595276171-181,https://www.notino.it/marche-cosmetici/,Coach,https://www.notino.it/coach/
1595276171-182,https://www.notino.it/marche-cosmetici/,Coccolino,https://www.notino.it/coccolino/
1595276171-183,https://www.notino.it/marche-cosmetici/,COCOES,https://www.notino.it/cocoes/
1595276171-184,https://www.notino.it/marche-cosmetici/,Coconut Water,https://www.notino.it/coconut-water/
1595276171-185,https://www.notino.it/marche-cosmetici/,Colgate,https://www.notino.it/colgate/
1595276171-186,https://www.notino.it/marche-cosmetici/,Collistar,https://www.notino.it/collistar/
1595276171-187,https://www.notino.it/marche-cosmetici/,Color WOW,https://www.notino.it/color-wow/
1595276171-188,https://www.notino.it/marche-cosmetici/,Colour Bomb by Maverick,https://www.notino.it/colour-bomb/
1595276171-189,https://www.notino.it/marche-cosmetici/,Comodynes,https://www.notino.it/comodynes/
1595276171-190,https://www.notino.it/marche-cosmetici/,Comptoir Sud Pacifique,https://www.notino.it/comptoir-sud-pacifique/
1595276171-191,https://www.notino.it/marche-cosmetici/,Control,https://www.notino.it/control/
1595276171-192,https://www.notino.it/marche-cosmetici/,Corpolibero,https://www.notino.it/corpolibero/
1595276171-193,https://www.notino.it/marche-cosmetici/,Cosrx,https://www.notino.it/cosrx/
1595276171-194,https://www.notino.it/marche-cosmetici/,Couleur Caramel,https://www.notino.it/couleur-caramel/
1595276171-195,https://www.notino.it/marche-cosmetici/,Country Candle,https://www.notino.it/country-candle/
1595276171-196,https://www.notino.it/marche-cosmetici/,Courreges,https://www.notino.it/courreges/
1595276171-197,https://www.notino.it/marche-cosmetici/,Creed,https://www.notino.it/creed/
1595276171-198,https://www.notino.it/marche-cosmetici/,Crescina,https://www.notino.it/crescina/
1595276171-199,https://www.notino.it/marche-cosmetici/,Cristiano Ronaldo,https://www.notino.it/cristiano-ronaldo/
1595276171-200,https://www.notino.it/marche-cosmetici/,Crystallove,https://www.notino.it/crystallove/
1595276171-201,https://www.notino.it/marche-cosmetici/,C-THRU,https://www.notino.it/c-thru/
1595276171-202,https://www.notino.it/marche-cosmetici/,Cuba,https://www.notino.it/cuba/
1595276171-203,https://www.notino.it/marche-cosmetici/,Culti,https://www.notino.it/culti/
1595276171-204,https://www.notino.it/marche-cosmetici/,Curanatura,https://www.notino.it/curanatura/
1595276171-205,https://www.notino.it/marche-cosmetici/,Curapil,https://www.notino.it/curapil/
1595276171-206,https://www.notino.it/marche-cosmetici/,Curaprox,https://www.notino.it/curaprox/
1595276171-207,https://www.notino.it/marche-cosmetici/,Custo Barcelona,https://www.notino.it/custo-barcelona/
1595276171-208,https://www.notino.it/marche-cosmetici/,CutisHelp,https://www.notino.it/cutishelp/
1595276171-209,https://www.notino.it/marche-cosmetici/,Czech & Speake,https://www.notino.it/czech-speake/
1595276171-211,https://www.notino.it/marche-cosmetici/,Daddy Yankee,https://www.notino.it/daddy-yankee/
1595276171-212,https://www.notino.it/marche-cosmetici/,DANDY,https://www.notino.it/dandy/
1595276171-213,https://www.notino.it/marche-cosmetici/,Darphin,https://www.notino.it/darphin/
1595276171-214,https://www.notino.it/marche-cosmetici/,David Beckham,https://www.notino.it/david-beckham/
1595276171-215,https://www.notino.it/marche-cosmetici/,Davidoff,https://www.notino.it/davidoff/
1595276171-210,https://www.notino.it/marche-cosmetici/,da Vinci,https://www.notino.it/da-vinci/
1595276171-216,https://www.notino.it/marche-cosmetici/,Daylong,https://www.notino.it/daylong/
1595276171-217,https://www.notino.it/marche-cosmetici/,Dear Beard,https://www.notino.it/dear-beard/
1595276171-218,https://www.notino.it/marche-cosmetici/,Dear Rose,https://www.notino.it/dear-rose/
1595276171-219,https://www.notino.it/marche-cosmetici/,Deborah Milano,https://www.notino.it/deborah-milano/
1595276171-220,https://www.notino.it/marche-cosmetici/,Declaré,https://www.notino.it/declare/
1595276171-221,https://www.notino.it/marche-cosmetici/,Decléor,https://www.notino.it/decleor/
1595276171-222,https://www.notino.it/marche-cosmetici/,Delia Cosmetics,https://www.notino.it/delia-cosmetics/
1595276171-223,https://www.notino.it/marche-cosmetici/,Denim,https://www.notino.it/denim/
1595276171-225,https://www.notino.it/marche-cosmetici/,Dermacol,https://www.notino.it/dermacol/
1595276171-226,https://www.notino.it/marche-cosmetici/,Dermagen,https://www.notino.it/dermagen-group/
1595276171-227,https://www.notino.it/marche-cosmetici/,Dermalogica,https://www.notino.it/dermalogica/
1595276171-228,https://www.notino.it/marche-cosmetici/,Dermedic,https://www.notino.it/dermedic/
1595276171-229,https://www.notino.it/marche-cosmetici/,Dermika,https://www.notino.it/dermika/
1595276171-224,https://www.notino.it/marche-cosmetici/,Der Waschkönig,https://www.notino.it/der-waschkonig/
1595276171-230,https://www.notino.it/marche-cosmetici/,Desigual,https://www.notino.it/desigual/
1595276171-231,https://www.notino.it/marche-cosmetici/,Detox Skinfood,https://www.notino.it/detox-skinfood/
1595276171-233,https://www.notino.it/marche-cosmetici/,Diadermine,https://www.notino.it/diadermine/
1595276171-232,https://www.notino.it/marche-cosmetici/,Di Angelo Cosmetics,https://www.notino.it/di-angelo-cosmetics/
1595276171-234,https://www.notino.it/marche-cosmetici/,Diego dalla Palma,https://www.notino.it/diegodallapalma/
1595276171-235,https://www.notino.it/marche-cosmetici/,Diesel,https://www.notino.it/diesel/
1595276171-236,https://www.notino.it/marche-cosmetici/,Diet Esthetic,https://www.notino.it/diet-esthetic/
1595276171-237,https://www.notino.it/marche-cosmetici/,Diptyque,https://www.notino.it/diptyque/
1595276171-238,https://www.notino.it/marche-cosmetici/,Dirham,https://www.notino.it/dirham/
1595276171-239,https://www.notino.it/marche-cosmetici/,Disney,https://www.notino.it/disney/
1595276171-240,https://www.notino.it/marche-cosmetici/,Diva & Nice Cosmetics,https://www.notino.it/diva-nice-cosmetics/
1595276171-241,https://www.notino.it/marche-cosmetici/,DKNY,https://www.notino.it/dkny/
1595276171-242,https://www.notino.it/marche-cosmetici/,Dolce & Gabbana,https://www.notino.it/dolce-gabbana/
1595276171-243,https://www.notino.it/marche-cosmetici/,Dona,https://www.notino.it/dona/
1595276171-244,https://www.notino.it/marche-cosmetici/,Doop,https://www.notino.it/doop/
1595276171-245,https://www.notino.it/marche-cosmetici/,Dove,https://www.notino.it/dove/
1595276171-247,https://www.notino.it/marche-cosmetici/,Dr. Bronner’s,https://www.notino.it/dr-bronners/
1595276171-248,https://www.notino.it/marche-cosmetici/,Dr. Feelgood,https://www.notino.it/dr-feelgood/
1595276171-251,https://www.notino.it/marche-cosmetici/,Driclor,https://www.notino.it/driclor/
1595276171-246,https://www.notino.it/marche-cosmetici/,Dr Irena Eris,https://www.notino.it/dr-irena-eris/
1595276171-249,https://www.notino.it/marche-cosmetici/,Dr. Oracle,https://www.notino.it/droracle/
1595276171-250,https://www.notino.it/marche-cosmetici/,Dr. Santé,https://www.notino.it/dr-sante/
1595276171-252,https://www.notino.it/marche-cosmetici/,Dsquared2,https://www.notino.it/dsquared2/
1595276171-253,https://www.notino.it/marche-cosmetici/,Dtangler,https://www.notino.it/dtangler/
1595276171-254,https://www.notino.it/marche-cosmetici/,Ducray,https://www.notino.it/ducray/
1595276171-255,https://www.notino.it/marche-cosmetici/,Dunhill,https://www.notino.it/dunhill/
1595276171-256,https://www.notino.it/marche-cosmetici/,DW Home,https://www.notino.it/dw-home/
1595276171-257,https://www.notino.it/marche-cosmetici/,DX2,https://www.notino.it/dx2/
1595276171-258,https://www.notino.it/marche-cosmetici/,Ecodenta,https://www.notino.it/ecodenta/
1595276171-259,https://www.notino.it/marche-cosmetici/,Ecooking,https://www.notino.it/ecooking/
1595276171-260,https://www.notino.it/marche-cosmetici/,EcoTools,https://www.notino.it/ecotools/
1595276171-261,https://www.notino.it/marche-cosmetici/,Edwin Jagger,https://www.notino.it/edwin-jagger/
1595276171-262,https://www.notino.it/marche-cosmetici/,Eight & Bob,https://www.notino.it/eight-bob/
1595276171-263,https://www.notino.it/marche-cosmetici/,Eisenberg,https://www.notino.it/eisenberg/
1595276171-264,https://www.notino.it/marche-cosmetici/,Elancyl,https://www.notino.it/elancyl/
1595276171-265,https://www.notino.it/marche-cosmetici/,Elemis,https://www.notino.it/elemis/
1595276171-266,https://www.notino.it/marche-cosmetici/,Elie Saab,https://www.notino.it/elie-saab/
1595276171-267,https://www.notino.it/marche-cosmetici/,Elizabeth Arden,https://www.notino.it/elizabeth-arden/
1595276171-268,https://www.notino.it/marche-cosmetici/,Elizabeth Taylor,https://www.notino.it/elizabeth-taylor/
1595276171-269,https://www.notino.it/marche-cosmetici/,Ellen Tracy,https://www.notino.it/ellen-tracy/
1595276171-270,https://www.notino.it/marche-cosmetici/,Elmex,https://www.notino.it/elmex/
1595276171-271,https://www.notino.it/marche-cosmetici/,Elode,https://www.notino.it/elode/
1595276171-272,https://www.notino.it/marche-cosmetici/,Emanuel Ungaro,https://www.notino.it/emanuel-ungaro/
1595276171-273,https://www.notino.it/marche-cosmetici/,Embryolisse,https://www.notino.it/embryolisse/
1595276171-274,https://www.notino.it/marche-cosmetici/,Emma Hardie,https://www.notino.it/emma-hardie/
1595276171-275,https://www.notino.it/marche-cosmetici/,Energie Fruit,https://www.notino.it/energie-fruit/
1595276171-276,https://www.notino.it/marche-cosmetici/,Enrique Iglesias,https://www.notino.it/enrique-iglesias/
1595276171-277,https://www.notino.it/marche-cosmetici/,EOS,https://www.notino.it/eos/
1595276171-278,https://www.notino.it/marche-cosmetici/,EP Line,https://www.notino.it/ep-line/
1595276171-279,https://www.notino.it/marche-cosmetici/,Erbe Solingen,https://www.notino.it/erbe-solingen/
1595276171-280,https://www.notino.it/marche-cosmetici/,Erborian,https://www.notino.it/erborian/
1595276171-281,https://www.notino.it/marche-cosmetici/,Ere Perez,https://www.notino.it/ere-perez/
1595276171-282,https://www.notino.it/marche-cosmetici/,Ermenegildo Zegna,https://www.notino.it/ermenegildo-zegna/
1595276171-283,https://www.notino.it/marche-cosmetici/,Escada,https://www.notino.it/escada/
1595276171-284,https://www.notino.it/marche-cosmetici/,Escentric Molecules,https://www.notino.it/escentric-molecules/
1595276171-285,https://www.notino.it/marche-cosmetici/,eShave,https://www.notino.it/eshave/
1595276171-286,https://www.notino.it/marche-cosmetici/,Essence,https://www.notino.it/essence/
1595276171-287,https://www.notino.it/marche-cosmetici/,Essie,https://www.notino.it/essie/
1595276171-288,https://www.notino.it/marche-cosmetici/,Estée Lauder,https://www.notino.it/estee-lauder/
1595276171-289,https://www.notino.it/marche-cosmetici/,Estelle & Thild,https://www.notino.it/estelle-thild/
1595276171-290,https://www.notino.it/marche-cosmetici/,Etat Libre d’Orange,https://www.notino.it/etat-libre-dorange/
1595276171-291,https://www.notino.it/marche-cosmetici/,Etiaxil,https://www.notino.it/etiaxil/
1595276171-292,https://www.notino.it/marche-cosmetici/,Etienne Aigner,https://www.notino.it/etienne-aigner/
1595276171-293,https://www.notino.it/marche-cosmetici/,Etro,https://www.notino.it/etro/
1595276171-294,https://www.notino.it/marche-cosmetici/,Eubos,https://www.notino.it/eubos/
1595276171-295,https://www.notino.it/marche-cosmetici/,Eucerin,https://www.notino.it/eucerin/
1595276171-296,https://www.notino.it/marche-cosmetici/,Eutopie,https://www.notino.it/eutopie/
1595276171-297,https://www.notino.it/marche-cosmetici/,Eva Longoria,https://www.notino.it/eva-longoria/
1595276171-298,https://www.notino.it/marche-cosmetici/,Eveline Cosmetics,https://www.notino.it/eveline-cosmetics/
1595276171-299,https://www.notino.it/marche-cosmetici/,Excipial,https://www.notino.it/excipial/
1595276171-129,https://www.notino.it/marche-cosmetici/,Brut,https://www.notino.it/faberge/
1595276171-300,https://www.notino.it/marche-cosmetici/,FacEvolution,https://www.notino.it/facevolution/
1595276171-301,https://www.notino.it/marche-cosmetici/,Fanola,https://www.notino.it/fanola/
1595276171-302,https://www.notino.it/marche-cosmetici/,Farmona,https://www.notino.it/farmona/
1595276171-303,https://www.notino.it/marche-cosmetici/,Fcuk,https://www.notino.it/fcuk/
1595276171-304,https://www.notino.it/marche-cosmetici/,Fellows for Him,https://www.notino.it/fellows-for-him/
1595276171-305,https://www.notino.it/marche-cosmetici/,Fenjal,https://www.notino.it/fenjal/
1595276171-306,https://www.notino.it/marche-cosmetici/,Ferrari,https://www.notino.it/ferrari/
1595276171-307,https://www.notino.it/marche-cosmetici/,Filorga,https://www.notino.it/filorga/
1595276171-308,https://www.notino.it/marche-cosmetici/,Finish,https://www.notino.it/finish/
1595276171-309,https://www.notino.it/marche-cosmetici/,Flagranti,https://www.notino.it/flagranti/
1595276171-310,https://www.notino.it/marche-cosmetici/,Floris,https://www.notino.it/floris/
1595276171-311,https://www.notino.it/marche-cosmetici/,FlosLek Laboratorium,https://www.notino.it/floslek-laboratorium/
1595276171-312,https://www.notino.it/marche-cosmetici/,FlosLek Pharma,https://www.notino.it/floslek-pharma/
1595276171-313,https://www.notino.it/marche-cosmetici/,Foamie,https://www.notino.it/foamie/
1595276171-314,https://www.notino.it/marche-cosmetici/,FOREO,https://www.notino.it/foreo/
1595276171-315,https://www.notino.it/marche-cosmetici/,Franck Boclet,https://www.notino.it/franck-boclet/
1595276171-316,https://www.notino.it/marche-cosmetici/,Franck Olivier,https://www.notino.it/franck-olivier/
1595276171-317,https://www.notino.it/marche-cosmetici/,Fred Haymans,https://www.notino.it/fred-haymans/
1595276171-318,https://www.notino.it/marche-cosmetici/,Freedom,https://www.notino.it/freedom/
1595276171-319,https://www.notino.it/marche-cosmetici/,Freeman,https://www.notino.it/freeman/
1595276171-320,https://www.notino.it/marche-cosmetici/,Frosch,https://www.notino.it/frosch/
1595276171-321,https://www.notino.it/marche-cosmetici/,Fudge,https://www.notino.it/fudge/
1595276171-323,https://www.notino.it/marche-cosmetici/,Gabriela Sabatini,https://www.notino.it/gabriela-sabatini/
1595276171-324,https://www.notino.it/marche-cosmetici/,GA-DE,https://www.notino.it/ga-de/
1595276171-325,https://www.notino.it/marche-cosmetici/,Gap,https://www.notino.it/gap/
1595276171-326,https://www.notino.it/marche-cosmetici/,Garnier,https://www.notino.it/garnier/
1595276171-327,https://www.notino.it/marche-cosmetici/,GC,https://www.notino.it/gc/
1595276171-328,https://www.notino.it/marche-cosmetici/,Gehwol,https://www.notino.it/gehwol/
1595276171-329,https://www.notino.it/marche-cosmetici/,Geoffrey Beene,https://www.notino.it/geoffrey-beene/
1595276171-330,https://www.notino.it/marche-cosmetici/,Gestil,https://www.notino.it/gestil/
1595276171-331,https://www.notino.it/marche-cosmetici/,Gettin FLUO,https://www.notino.it/gettin-fluo/
1595276171-332,https://www.notino.it/marche-cosmetici/,ghd,https://www.notino.it/ghd/
1595276171-333,https://www.notino.it/marche-cosmetici/,Gianfranco Ferré,https://www.notino.it/gianfranco-ferre/
1595276171-334,https://www.notino.it/marche-cosmetici/,Giftino,https://www.notino.it/giftino/
1595276171-335,https://www.notino.it/marche-cosmetici/,Gilles Cantuel,https://www.notino.it/gilles-cantuel/
1595276171-336,https://www.notino.it/marche-cosmetici/,Gillette,https://www.notino.it/gillette/
1595276171-337,https://www.notino.it/marche-cosmetici/,Giorgio Beverly Hills,https://www.notino.it/giorgio-beverly-hills/
1595276171-338,https://www.notino.it/marche-cosmetici/,Girlz Only,https://www.notino.it/girlz-only/
1595276171-339,https://www.notino.it/marche-cosmetici/,Glade,https://www.notino.it/glade/
1595276171-340,https://www.notino.it/marche-cosmetici/,Glam Glow,https://www.notino.it/glam-glow/
1595276171-341,https://www.notino.it/marche-cosmetici/,Gloria Vanderbilt,https://www.notino.it/gloria-vanderbilt/
1595276171-342,https://www.notino.it/marche-cosmetici/,Golddachs,https://www.notino.it/golddachs/
1595276171-343,https://www.notino.it/marche-cosmetici/,Golden Beards,https://www.notino.it/golden-beards/
1595276171-344,https://www.notino.it/marche-cosmetici/,Goldwell,https://www.notino.it/goldwell/
1595276171-345,https://www.notino.it/marche-cosmetici/,Gosh,https://www.notino.it/gosh/
1595276171-346,https://www.notino.it/marche-cosmetici/,got2b,https://www.notino.it/got2b/
1595276171-347,https://www.notino.it/marche-cosmetici/,Grace Cole,https://www.notino.it/grace-cole/
1595276171-348,https://www.notino.it/marche-cosmetici/,Green Bio,https://www.notino.it/green-bio/
1595276171-349,https://www.notino.it/marche-cosmetici/,Green Pharmacy,https://www.notino.it/green-pharmacy/
1595276171-350,https://www.notino.it/marche-cosmetici/,Greenum,https://www.notino.it/greenum/
1595276171-351,https://www.notino.it/marche-cosmetici/,Grès,https://www.notino.it/gres/
1595276171-352,https://www.notino.it/marche-cosmetici/,Grown Alchemist,https://www.notino.it/grown-alchemist/
1595276171-353,https://www.notino.it/marche-cosmetici/,Gucci,https://www.notino.it/gucci/
1595276171-354,https://www.notino.it/marche-cosmetici/,Guess,https://www.notino.it/guess/
1595276171-322,https://www.notino.it/marche-cosmetici/,G.U.M,https://www.notino.it/gum/
1595276171-355,https://www.notino.it/marche-cosmetici/,Guy Laroche,https://www.notino.it/guy-laroche/
1595276171-356,https://www.notino.it/marche-cosmetici/,Hairbond,https://www.notino.it/hairbond/
1595276171-357,https://www.notino.it/marche-cosmetici/,Hairways,https://www.notino.it/hairways/
1595276171-358,https://www.notino.it/marche-cosmetici/,Halston,https://www.notino.it/halston/
1595276171-359,https://www.notino.it/marche-cosmetici/,Hanae Mori,https://www.notino.it/hanae-mori/
1595276171-360,https://www.notino.it/marche-cosmetici/,Hardwell,https://www.notino.it/hardwell/
1595276171-361,https://www.notino.it/marche-cosmetici/,Hawaiian Tropic,https://www.notino.it/hawaiian-tropic/
1595276171-362,https://www.notino.it/marche-cosmetici/,Hawkins & Brimble,https://www.notino.it/hawkins-brimble/
1595276171-364,https://www.notino.it/marche-cosmetici/,HeadBlade,https://www.notino.it/headblade/
1595276171-363,https://www.notino.it/marche-cosmetici/,Head & Shoulders,https://www.notino.it/head-shoulders/
1595276171-366,https://www.notino.it/marche-cosmetici/,Helena Rubinstein,https://www.notino.it/helena-rubinstein/
1595276171-367,https://www.notino.it/marche-cosmetici/,Helene Fischer,https://www.notino.it/helene-fischer/
1595276171-365,https://www.notino.it/marche-cosmetici/,Helen Seward,https://www.notino.it/helen-seward/
1595276171-368,https://www.notino.it/marche-cosmetici/,Heliocare,https://www.notino.it/heliocare/
1595276171-369,https://www.notino.it/marche-cosmetici/,Hello Coco,https://www.notino.it/hello-coco/
1595276171-370,https://www.notino.it/marche-cosmetici/,Hermès,https://www.notino.it/hermes/
1595276171-371,https://www.notino.it/marche-cosmetici/,Histoires De Parfums,https://www.notino.it/histoires-de-parfums/
1595276171-372,https://www.notino.it/marche-cosmetici/,Holika Holika,https://www.notino.it/holika-holika/
1595276171-373,https://www.notino.it/marche-cosmetici/,Hollister,https://www.notino.it/hollister/
1595276171-374,https://www.notino.it/marche-cosmetici/,Houbigant,https://www.notino.it/houbigant/
1595276171-375,https://www.notino.it/marche-cosmetici/,Huggies,https://www.notino.it/huggies/
1595276171-376,https://www.notino.it/marche-cosmetici/,Hugo Boss,https://www.notino.it/hugo-boss/
1595276171-377,https://www.notino.it/marche-cosmetici/,Hummer,https://www.notino.it/hummer/
1595276171-380,https://www.notino.it/marche-cosmetici/,Iceberg,https://www.notino.it/iceberg/
1595276171-381,https://www.notino.it/marche-cosmetici/,Ideepharm,https://www.notino.it/ideepharm/
1595276171-378,https://www.notino.it/marche-cosmetici/,I Heart Revolution,https://www.notino.it/i-heart-revolution/
1595276171-379,https://www.notino.it/marche-cosmetici/,I love...,https://www.notino.it/i-love/
1595276171-567,https://www.notino.it/marche-cosmetici/,Nails Inc.,https://www.notino.it/incnails/
1595276171-382,https://www.notino.it/marche-cosmetici/,INC.redible,https://www.notino.it/incredible/
1595276171-383,https://www.notino.it/marche-cosmetici/,Inebrya,https://www.notino.it/inebrya/
1595276171-384,https://www.notino.it/marche-cosmetici/,Inglot,https://www.notino.it/inglot/
1595276171-385,https://www.notino.it/marche-cosmetici/,Institut Esthederm,https://www.notino.it/institut-esthederm/
1595276171-386,https://www.notino.it/marche-cosmetici/,Intensive Hair Therapy,https://www.notino.it/intensive-hair-therapy/
1595276171-387,https://www.notino.it/marche-cosmetici/,invisibobble,https://www.notino.it/invisibobble/
1595276171-388,https://www.notino.it/marche-cosmetici/,Iroha,https://www.notino.it/iroha/
1595276171-389,https://www.notino.it/marche-cosmetici/,ISDIN,https://www.notino.it/isdin/
1595276171-390,https://www.notino.it/marche-cosmetici/,Issey Miyake,https://www.notino.it/issey-miyake/
1595276171-391,https://www.notino.it/marche-cosmetici/,iWhite,https://www.notino.it/iwhite/
1595276171-392,https://www.notino.it/marche-cosmetici/,Iwostin,https://www.notino.it/iwostin/
1595276171-393,https://www.notino.it/marche-cosmetici/,Jack N’ Jill,https://www.notino.it/jack-n-jill/
1595276171-394,https://www.notino.it/marche-cosmetici/,Jacomo,https://www.notino.it/jacomo/
1595276171-395,https://www.notino.it/marche-cosmetici/,Jacques Bogart,https://www.notino.it/jacques-bogart/
1595276171-396,https://www.notino.it/marche-cosmetici/,Jaguar,https://www.notino.it/jaguar/
1595276171-397,https://www.notino.it/marche-cosmetici/,James Bond 007,https://www.notino.it/james-bond-007/
1595276171-398,https://www.notino.it/marche-cosmetici/,James Read,https://www.notino.it/james-read/
1595276171-399,https://www.notino.it/marche-cosmetici/,Jar,https://www.notino.it/jar/
1595276171-400,https://www.notino.it/marche-cosmetici/,Jean Couturier,https://www.notino.it/jean-couturier/
1595276171-403,https://www.notino.it/marche-cosmetici/,Jean-Louis Scherrer,https://www.notino.it/jean-louis-scherrer/
1595276171-404,https://www.notino.it/marche-cosmetici/,Jeanne Arthes,https://www.notino.it/jeanne-arthes/
1595276171-405,https://www.notino.it/marche-cosmetici/,Jeanne en Provence,https://www.notino.it/jeanne-en-provence/
1595276171-401,https://www.notino.it/marche-cosmetici/,Jean Patou,https://www.notino.it/jean-patou/
1595276171-402,https://www.notino.it/marche-cosmetici/,Jean Paul Gaultier,https://www.notino.it/jean-paul-gaultier/
1595276171-406,https://www.notino.it/marche-cosmetici/,Jennifer Lopez,https://www.notino.it/jennifer-lopez/
1595276171-407,https://www.notino.it/marche-cosmetici/,Jenny Glow,https://www.notino.it/jenny-glow/
1595276171-408,https://www.notino.it/marche-cosmetici/,Jericho,https://www.notino.it/jericho/
1595276171-409,https://www.notino.it/marche-cosmetici/,Jessica Simpson,https://www.notino.it/jessica-simpson/
1595276171-410,https://www.notino.it/marche-cosmetici/,Jesus Del Pozo,https://www.notino.it/jesus-del-pozo/
1595276171-411,https://www.notino.it/marche-cosmetici/,Jette,https://www.notino.it/jette/
1595276171-412,https://www.notino.it/marche-cosmetici/,Jil Sander,https://www.notino.it/jil-sander/
1595276171-413,https://www.notino.it/marche-cosmetici/,Jimmy Choo,https://www.notino.it/jimmy-choo/
1595276171-415,https://www.notino.it/marche-cosmetici/,John Frieda,https://www.notino.it/john-frieda/
1595276171-416,https://www.notino.it/marche-cosmetici/,John Galliano,https://www.notino.it/john-galliano/
1595276171-417,https://www.notino.it/marche-cosmetici/,John Masters Organics,https://www.notino.it/john-masters-organics/
1595276171-418,https://www.notino.it/marche-cosmetici/,John Richmond,https://www.notino.it/john-richmond/
1595276171-420,https://www.notino.it/marche-cosmetici/,Johnson's Baby,https://www.notino.it/johnsons-baby/
1595276171-419,https://www.notino.it/marche-cosmetici/,John Varvatos,https://www.notino.it/john-varvatos/
1595276171-421,https://www.notino.it/marche-cosmetici/,Joico,https://www.notino.it/joico/
1595276171-414,https://www.notino.it/marche-cosmetici/,Jo Malone,https://www.notino.it/jo-malone/
1595276171-422,https://www.notino.it/marche-cosmetici/,JOOP!,https://www.notino.it/joop/
1595276171-423,https://www.notino.it/marche-cosmetici/,Jovan,https://www.notino.it/jovan/
1595276171-424,https://www.notino.it/marche-cosmetici/,Jovoy,https://www.notino.it/jovoy/
1595276171-425,https://www.notino.it/marche-cosmetici/,Juicy Couture,https://www.notino.it/juicy-couture/
1595276171-426,https://www.notino.it/marche-cosmetici/,Juliette has a gun,https://www.notino.it/juliette-has-a-gun/
1595276171-427,https://www.notino.it/marche-cosmetici/,Just Glide,https://www.notino.it/just-glide/
1595276171-429,https://www.notino.it/marche-cosmetici/,Justin Bieber,https://www.notino.it/justin-bieber/
1595276171-428,https://www.notino.it/marche-cosmetici/,Just Jack,https://www.notino.it/just-jack/
1595276171-430,https://www.notino.it/marche-cosmetici/,K2r,https://www.notino.it/k2r/
1595276171-431,https://www.notino.it/marche-cosmetici/,Kallos,https://www.notino.it/kallos/
1595276171-432,https://www.notino.it/marche-cosmetici/,Kaloo,https://www.notino.it/kaloo/
1595276171-433,https://www.notino.it/marche-cosmetici/,Kanebo,https://www.notino.it/kanebo/
1595276171-434,https://www.notino.it/marche-cosmetici/,Karl Lagerfeld,https://www.notino.it/karl-lagerfeld/
1595276171-435,https://www.notino.it/marche-cosmetici/,Katy Perry,https://www.notino.it/katy-perry/
1595276171-436,https://www.notino.it/marche-cosmetici/,Kelsey Berwin,https://www.notino.it/kelsey-berwin/
1595276171-437,https://www.notino.it/marche-cosmetici/,Kenneth Cole,https://www.notino.it/kenneth-cole/
1595276171-438,https://www.notino.it/marche-cosmetici/,Kérastase,https://www.notino.it/kerastase/
1595276171-439,https://www.notino.it/marche-cosmetici/,Kevin Murphy,https://www.notino.it/kevin-murphy/
1595276171-440,https://www.notino.it/marche-cosmetici/,Kim Kardashian,https://www.notino.it/kim-kardashian/
1595276171-441,https://www.notino.it/marche-cosmetici/,Kiton,https://www.notino.it/kiton/
1595276171-442,https://www.notino.it/marche-cosmetici/,Klairs,https://www.notino.it/klairs/
1595276171-443,https://www.notino.it/marche-cosmetici/,Kleenex,https://www.notino.it/kleenex/
1595276171-444,https://www.notino.it/marche-cosmetici/,Klorane,https://www.notino.it/klorane/
1595276171-445,https://www.notino.it/marche-cosmetici/,KMS California,https://www.notino.it/kms-california/
1595276171-446,https://www.notino.it/marche-cosmetici/,Kneipp,https://www.notino.it/kneipp/
1595276171-447,https://www.notino.it/marche-cosmetici/,KOBO,https://www.notino.it/kobo/
1595276171-448,https://www.notino.it/marche-cosmetici/,KOCOSTAR,https://www.notino.it/kocostar/
1595276171-449,https://www.notino.it/marche-cosmetici/,Kolmaz,https://www.notino.it/kolmaz/
1595276171-450,https://www.notino.it/marche-cosmetici/,KORIKA,https://www.notino.it/korika/
1595276171-451,https://www.notino.it/marche-cosmetici/,Korloff,https://www.notino.it/korloff/
1595276171-452,https://www.notino.it/marche-cosmetici/,Korres,https://www.notino.it/korres/
1595276171-453,https://www.notino.it/marche-cosmetici/,Kotex,https://www.notino.it/kotex/
1595276171-454,https://www.notino.it/marche-cosmetici/,Kringle Candle,https://www.notino.it/kringle-candle/
1595276171-455,https://www.notino.it/marche-cosmetici/,Kryolan,https://www.notino.it/kryolan/
1595276171-466,https://www.notino.it/marche-cosmetici/,Labello,https://www.notino.it/labello/
1595276171-465,https://www.notino.it/marche-cosmetici/,label.m,https://www.notino.it/labelm/
1595276171-464,https://www.notino.it/marche-cosmetici/,Lab Series,https://www.notino.it/lab-series/
1595276171-467,https://www.notino.it/marche-cosmetici/,Lacalut,https://www.notino.it/lacalut/
1595276171-468,https://www.notino.it/marche-cosmetici/,Lacoste,https://www.notino.it/lacoste/
1595276171-469,https://www.notino.it/marche-cosmetici/,Lactacyd,https://www.notino.it/lactacyd/
1595276171-470,https://www.notino.it/marche-cosmetici/,Lactovit,https://www.notino.it/lactovit/
1595276171-471,https://www.notino.it/marche-cosmetici/,Ladival,https://www.notino.it/ladival/
1595276171-472,https://www.notino.it/marche-cosmetici/,Lady Gaga,https://www.notino.it/lady-gaga/
1595276171-473,https://www.notino.it/marche-cosmetici/,Lalique,https://www.notino.it/lalique/
1595276171-460,https://www.notino.it/marche-cosmetici/,La Martina,https://www.notino.it/la-martina/
1595276171-474,https://www.notino.it/marche-cosmetici/,Lancaster,https://www.notino.it/lancaster/
1595276171-475,https://www.notino.it/marche-cosmetici/,Lancôme,https://www.notino.it/lancome/
1595276171-476,https://www.notino.it/marche-cosmetici/,Lanvin,https://www.notino.it/lanvin/
1595276171-477,https://www.notino.it/marche-cosmetici/,Lanza,https://www.notino.it/lanza/
1595276171-461,https://www.notino.it/marche-cosmetici/,La Perla,https://www.notino.it/la-perla/
1595276171-462,https://www.notino.it/marche-cosmetici/,La Riche,https://www.notino.it/la-riche/
1595276171-463,https://www.notino.it/marche-cosmetici/,La Roche-Posay,https://www.notino.it/la-roche-posay/
1595276171-478,https://www.notino.it/marche-cosmetici/,Laura Biagiotti,https://www.notino.it/laura-biagiotti/
1595276171-479,https://www.notino.it/marche-cosmetici/,Lavera,https://www.notino.it/lavera/
1595276171-457,https://www.notino.it/marche-cosmetici/,L’biotica,https://www.notino.it/lbiotica/
1595276171-480,https://www.notino.it/marche-cosmetici/,Le Couvent Maison de Parfum,https://www.notino.it/le-couvent-des-minimes/
1595276171-483,https://www.notino.it/marche-cosmetici/,Lee Stafford,https://www.notino.it/lee-stafford/
1595276171-481,https://www.notino.it/marche-cosmetici/,Le Mini Macaron,https://www.notino.it/le-mini-macaron/
1595276171-484,https://www.notino.it/marche-cosmetici/,Lenor,https://www.notino.it/lenor/
1595276171-482,https://www.notino.it/marche-cosmetici/,Le Petit Olivier,https://www.notino.it/le-petit-olivier/
1595276171-485,https://www.notino.it/marche-cosmetici/,Lierac,https://www.notino.it/lierac/
1595276171-486,https://www.notino.it/marche-cosmetici/,Linteo,https://www.notino.it/linteo/
1595276171-487,https://www.notino.it/marche-cosmetici/,Lip Smacker,https://www.notino.it/lip-smacker/
1595276171-488,https://www.notino.it/marche-cosmetici/,Lirene,https://www.notino.it/lirene/
1595276171-489,https://www.notino.it/marche-cosmetici/,Listerine,https://www.notino.it/listerine/
1595276171-490,https://www.notino.it/marche-cosmetici/,Liu Jo,https://www.notino.it/liu-jo/
1595276171-491,https://www.notino.it/marche-cosmetici/,Living Proof,https://www.notino.it/living-proof/
1595276171-492,https://www.notino.it/marche-cosmetici/,Liz Claiborne,https://www.notino.it/liz-claiborne/
1595276171-493,https://www.notino.it/marche-cosmetici/,LM Parfums,https://www.notino.it/lm-parfums/
1595276171-494,https://www.notino.it/marche-cosmetici/,Lolita Lempicka,https://www.notino.it/lolita-lempicka/
1595276171-495,https://www.notino.it/marche-cosmetici/,Lomani,https://www.notino.it/lomani/
1595276171-496,https://www.notino.it/marche-cosmetici/,Lona,https://www.notino.it/lona/
1595276171-497,https://www.notino.it/marche-cosmetici/,Londa Professional,https://www.notino.it/londa-professional/
1595276171-458,https://www.notino.it/marche-cosmetici/,L’Oréal Paris,https://www.notino.it/loreal-paris/
1595276171-459,https://www.notino.it/marche-cosmetici/,L’Oréal Professionnel,https://www.notino.it/loreal-professionnel/
1595276171-498,https://www.notino.it/marche-cosmetici/,Lorenzo Villoresi,https://www.notino.it/lorenzo-villoresi/
1595276171-456,https://www.notino.it/marche-cosmetici/,L.O.V.,https://www.notino.it/lov/
1595276171-500,https://www.notino.it/marche-cosmetici/,Lovea,https://www.notino.it/lovea/
1595276171-499,https://www.notino.it/marche-cosmetici/,Love Beauty & Planet,https://www.notino.it/love-beauty-planet/
1595276171-501,https://www.notino.it/marche-cosmetici/,Lovela,https://www.notino.it/lovela/
1595276171-502,https://www.notino.it/marche-cosmetici/,Luciano Soprani,https://www.notino.it/luciano-soprani/
1595276171-503,https://www.notino.it/marche-cosmetici/,Lumene,https://www.notino.it/lumene/
1595276171-504,https://www.notino.it/marche-cosmetici/,Luminum Candle,https://www.notino.it/luminum-candle/
1595276171-506,https://www.notino.it/marche-cosmetici/,MAC,https://www.notino.it/mac/
1595276171-507,https://www.notino.it/marche-cosmetici/,Macadamia Natural Oil,https://www.notino.it/macadamia-natural-oil/
1595276171-508,https://www.notino.it/marche-cosmetici/,Macadamia Oil Extract,https://www.notino.it/macadamia-oil-extract/
1595276171-509,https://www.notino.it/marche-cosmetici/,Mad Beauty,https://www.notino.it/mad-beauty/
1595276171-510,https://www.notino.it/marche-cosmetici/,Maestro,https://www.notino.it/maestro/
1595276171-511,https://www.notino.it/marche-cosmetici/,MAGICSTRIPES,https://www.notino.it/magicstripes/
1595276171-512,https://www.notino.it/marche-cosmetici/,Magnum,https://www.notino.it/magnum/
1595276171-513,https://www.notino.it/marche-cosmetici/,Magoon,https://www.notino.it/magoon/
1595276171-514,https://www.notino.it/marche-cosmetici/,Make Me BIO,https://www.notino.it/make-me-bio/
1595276171-515,https://www.notino.it/marche-cosmetici/,Makers of Wax Goods,https://www.notino.it/makers-of-wax-goods/
1595276171-516,https://www.notino.it/marche-cosmetici/,Makeup Obsession,https://www.notino.it/makeup-obsession/
1595276171-517,https://www.notino.it/marche-cosmetici/,Makeup Revolution,https://www.notino.it/makeup-revolution/
1595276171-518,https://www.notino.it/marche-cosmetici/,Mandarina Duck,https://www.notino.it/mandarina-duck/
1595276171-519,https://www.notino.it/marche-cosmetici/,Marc Jacobs,https://www.notino.it/marc-jacobs/
1595276171-520,https://www.notino.it/marche-cosmetici/,Maria Sharapova,https://www.notino.it/maria-sharapova/
1595276171-521,https://www.notino.it/marche-cosmetici/,Marina de Bourbon,https://www.notino.it/marina-de-bourbon/
1595276171-522,https://www.notino.it/marche-cosmetici/,Marvis,https://www.notino.it/marvis/
1595276171-523,https://www.notino.it/marche-cosmetici/,Mary Kay,https://www.notino.it/mary-kay/
1595276171-524,https://www.notino.it/marche-cosmetici/,Masaki Matsushima,https://www.notino.it/masaki-matsushima/
1595276171-525,https://www.notino.it/marche-cosmetici/,Matea Nesek,https://www.notino.it/matea-nesek/
1595276171-526,https://www.notino.it/marche-cosmetici/,Matrix,https://www.notino.it/matrix/
1595276171-527,https://www.notino.it/marche-cosmetici/,Mauboussin,https://www.notino.it/mauboussin/
1595276171-528,https://www.notino.it/marche-cosmetici/,Max Factor,https://www.notino.it/max-factor/
1595276171-529,https://www.notino.it/marche-cosmetici/,Maybelline,https://www.notino.it/maybelline/
1595276171-530,https://www.notino.it/marche-cosmetici/,MEDIBLANC,https://www.notino.it/mediblanc/
1595276171-531,https://www.notino.it/marche-cosmetici/,Memo,https://www.notino.it/memo/
1595276171-532,https://www.notino.it/marche-cosmetici/,Mercedes-Benz,https://www.notino.it/mercedes-benz/
1595276171-533,https://www.notino.it/marche-cosmetici/,Meridol,https://www.notino.it/meridol/
1595276171-534,https://www.notino.it/marche-cosmetici/,Mexx,https://www.notino.it/mexx/
1595276171-535,https://www.notino.it/marche-cosmetici/,Michael Jordan,https://www.notino.it/michael-jordan/
1595276171-536,https://www.notino.it/marche-cosmetici/,Michael Kors,https://www.notino.it/michael-kors/
1595276171-538,https://www.notino.it/marche-cosmetici/,Milkhouse Candle Co.,https://www.notino.it/milkhouse-candle-co/
1595276171-537,https://www.notino.it/marche-cosmetici/,Milk Shake,https://www.notino.it/milk-shake/
1595276171-539,https://www.notino.it/marche-cosmetici/,Millefiori,https://www.notino.it/millefiori/
1595276171-540,https://www.notino.it/marche-cosmetici/,Miller Harris,https://www.notino.it/miller-harris/
1595276171-541,https://www.notino.it/marche-cosmetici/,Mimitika,https://www.notino.it/mimitika/
1595276171-542,https://www.notino.it/marche-cosmetici/,Missha,https://www.notino.it/missha/
1595276171-543,https://www.notino.it/marche-cosmetici/,Missoni,https://www.notino.it/missoni/
1595276171-544,https://www.notino.it/marche-cosmetici/,Miu Miu,https://www.notino.it/miu-miu/
1595276171-545,https://www.notino.it/marche-cosmetici/,MIXA,https://www.notino.it/mixa/
1595276171-546,https://www.notino.it/marche-cosmetici/,Mizon,https://www.notino.it/mizon/
1595276171-505,https://www.notino.it/marche-cosmetici/,M. Micallef,https://www.notino.it/m-micallef/
1595276171-547,https://www.notino.it/marche-cosmetici/,Molinard,https://www.notino.it/molinard/
1595276171-548,https://www.notino.it/marche-cosmetici/,Mondial,https://www.notino.it/mondial/
1595276171-549,https://www.notino.it/marche-cosmetici/,Montana,https://www.notino.it/montana/
1595276171-550,https://www.notino.it/marche-cosmetici/,Montblanc,https://www.notino.it/mont-blanc/
1595276171-551,https://www.notino.it/marche-cosmetici/,Moroccanoil,https://www.notino.it/moroccanoil/
1595276171-552,https://www.notino.it/marche-cosmetici/,Moschino,https://www.notino.it/moschino/
1595276171-553,https://www.notino.it/marche-cosmetici/,Moser Pro,https://www.notino.it/moser-pro/
1595276171-555,https://www.notino.it/marche-cosmetici/,Mr Bear Family,https://www.notino.it/mr-bear-family/
1595276171-554,https://www.notino.it/marche-cosmetici/,Mr & Mrs Fragrance,https://www.notino.it/mr-mrs-fragrance/
1595276171-556,https://www.notino.it/marche-cosmetici/,Mr. Proper,https://www.notino.it/mr-proper/
1595276171-557,https://www.notino.it/marche-cosmetici/,MUA Makeup Academy,https://www.notino.it/mua-makeup-academy/
1595276171-558,https://www.notino.it/marche-cosmetici/,Mugler,https://www.notino.it/mugler/
1595276171-559,https://www.notino.it/marche-cosmetici/,Mustang,https://www.notino.it/mustang/
1595276171-560,https://www.notino.it/marche-cosmetici/,Mustela,https://www.notino.it/mustela/
1595276171-561,https://www.notino.it/marche-cosmetici/,My Clarins,https://www.notino.it/my-clarins/
1595276171-562,https://www.notino.it/marche-cosmetici/,My Magic Mud,https://www.notino.it/my-magic-mud/
1595276171-564,https://www.notino.it/marche-cosmetici/,Myrurgia,https://www.notino.it/myrurgia/
1595276171-563,https://www.notino.it/marche-cosmetici/,My White Secret,https://www.notino.it/my-white-secret/
1595276171-565,https://www.notino.it/marche-cosmetici/,N.A.E.,https://www.notino.it/nae/
1595276171-566,https://www.notino.it/marche-cosmetici/,Naif,https://www.notino.it/naif/
1595276171-568,https://www.notino.it/marche-cosmetici/,Naomi Campbell,https://www.notino.it/naomi-campbell/
1595276171-569,https://www.notino.it/marche-cosmetici/,Narciso Rodriguez,https://www.notino.it/narciso-rodriguez/
1595276171-570,https://www.notino.it/marche-cosmetici/,Nasomatto,https://www.notino.it/nasomatto/
1595276171-572,https://www.notino.it/marche-cosmetici/,Naturalium,https://www.notino.it/naturalium/
1595276171-571,https://www.notino.it/marche-cosmetici/,Natura Siberica,https://www.notino.it/natura-siberica/
1595276171-573,https://www.notino.it/marche-cosmetici/,Nature Box,https://www.notino.it/nature-box/
1595276171-574,https://www.notino.it/marche-cosmetici/,Nautica,https://www.notino.it/nautica/
1595276171-575,https://www.notino.it/marche-cosmetici/,NeoStrata,https://www.notino.it/neostrata/
1595276171-576,https://www.notino.it/marche-cosmetici/,Nesti Dante,https://www.notino.it/nesti-dante/
1595276171-577,https://www.notino.it/marche-cosmetici/,Neutral,https://www.notino.it/neutral/
1595276171-578,https://www.notino.it/marche-cosmetici/,Neutrogena,https://www.notino.it/neutrogena/
1595276171-579,https://www.notino.it/marche-cosmetici/,Nicole Richie,https://www.notino.it/nicole-richie/
1595276171-580,https://www.notino.it/marche-cosmetici/,Nikos,https://www.notino.it/nikos/
1595276171-581,https://www.notino.it/marche-cosmetici/,Nioxin,https://www.notino.it/nioxin/
1595276171-582,https://www.notino.it/marche-cosmetici/,Nishane,https://www.notino.it/nishane/
1595276171-583,https://www.notino.it/marche-cosmetici/,Nivea,https://www.notino.it/nivea/
1595276171-584,https://www.notino.it/marche-cosmetici/,NKD SKN,https://www.notino.it/nkd-skn/
1595276171-586,https://www.notino.it/marche-cosmetici/,NOBEA,https://www.notino.it/nobea/
1595276171-585,https://www.notino.it/marche-cosmetici/,No Inhibition,https://www.notino.it/no-inhibition/
1595276171-587,https://www.notino.it/marche-cosmetici/,Notino,https://www.notino.it/notino/
1595276171-588,https://www.notino.it/marche-cosmetici/,Nuxe,https://www.notino.it/nuxe/
1595276171-589,https://www.notino.it/marche-cosmetici/,NYX Professional Makeup,https://www.notino.it/nyx-professional-makeup/
1595276171-590,https://www.notino.it/marche-cosmetici/,o.b.,https://www.notino.it/ob/
1595276171-591,https://www.notino.it/marche-cosmetici/,Odeon,https://www.notino.it/odeon/
1595276171-592,https://www.notino.it/marche-cosmetici/,O'Driu,https://www.notino.it/odriu/
1595276171-593,https://www.notino.it/marche-cosmetici/,Olaplex,https://www.notino.it/olaplex/
1595276171-594,https://www.notino.it/marche-cosmetici/,Old Spice,https://www.notino.it/old-spice/
1595276171-595,https://www.notino.it/marche-cosmetici/,Olivia Garden,https://www.notino.it/olivia-garden/
1595276171-596,https://www.notino.it/marche-cosmetici/,Omorovicza,https://www.notino.it/omorovicza/
1595276171-597,https://www.notino.it/marche-cosmetici/,Onclé,https://www.notino.it/oncle/
1595276171-598,https://www.notino.it/marche-cosmetici/,One Direction,https://www.notino.it/one-direction/
1595276171-599,https://www.notino.it/marche-cosmetici/,Onno,https://www.notino.it/onno/
1595276171-600,https://www.notino.it/marche-cosmetici/,Opalescence,https://www.notino.it/opalescence/
1595276171-601,https://www.notino.it/marche-cosmetici/,OPI,https://www.notino.it/opi/
1595276171-602,https://www.notino.it/marche-cosmetici/,Oral B,https://www.notino.it/oral-b/
1595276171-603,https://www.notino.it/marche-cosmetici/,Oranjito,https://www.notino.it/oranjito/
1595276171-604,https://www.notino.it/marche-cosmetici/,Organic Shop,https://www.notino.it/organic-shop/
1595276171-605,https://www.notino.it/marche-cosmetici/,Oriflame,https://www.notino.it/oriflame/
1595276171-606,https://www.notino.it/marche-cosmetici/,Original Penguin,https://www.notino.it/original-penguin/
1595276171-607,https://www.notino.it/marche-cosmetici/,Orlane,https://www.notino.it/orlane/
1595276171-608,https://www.notino.it/marche-cosmetici/,Orofluido,https://www.notino.it/orofluido/
1595276171-609,https://www.notino.it/marche-cosmetici/,Oscar de la Renta,https://www.notino.it/oscar-de-la-renta/
1595276171-610,https://www.notino.it/marche-cosmetici/,Otto Kern,https://www.notino.it/otto-kern/
1595276171-611,https://www.notino.it/marche-cosmetici/,Paco Rabanne,https://www.notino.it/paco-rabanne/
1595276171-612,https://www.notino.it/marche-cosmetici/,Paddywax,https://www.notino.it/paddywax/
1595276171-613,https://www.notino.it/marche-cosmetici/,Palmer’s,https://www.notino.it/palmers/
1595276171-614,https://www.notino.it/marche-cosmetici/,Palmolive,https://www.notino.it/palmolive/
1595276171-615,https://www.notino.it/marche-cosmetici/,Paloma,https://www.notino.it/paloma/
1595276171-616,https://www.notino.it/marche-cosmetici/,Paloma Picasso,https://www.notino.it/paloma-picasso/
1595276171-617,https://www.notino.it/marche-cosmetici/,Pampers,https://www.notino.it/pampers/
1595276171-618,https://www.notino.it/marche-cosmetici/,Pantene,https://www.notino.it/pantene/
1595276171-619,https://www.notino.it/marche-cosmetici/,Parfums Café,https://www.notino.it/parfums-cafe/
1595276171-620,https://www.notino.it/marche-cosmetici/,Parfums De Marly,https://www.notino.it/parfums-de-marly/
1595276171-621,https://www.notino.it/marche-cosmetici/,Pàris à la plus belle,https://www.notino.it/paris-a-la-plus-belle/
1595276171-622,https://www.notino.it/marche-cosmetici/,Paris Hilton,https://www.notino.it/paris-hilton/
1595276171-623,https://www.notino.it/marche-cosmetici/,Parlux,https://www.notino.it/parlux/
1595276171-624,https://www.notino.it/marche-cosmetici/,Parodontax,https://www.notino.it/parodontax/
1595276171-625,https://www.notino.it/marche-cosmetici/,Paul Smith,https://www.notino.it/paul-smith/
1595276171-626,https://www.notino.it/marche-cosmetici/,Payot,https://www.notino.it/payot/
1595276171-627,https://www.notino.it/marche-cosmetici/,Pearl Drops,https://www.notino.it/pearl-drops/
1595276171-628,https://www.notino.it/marche-cosmetici/,Pepino,https://www.notino.it/pepino/
1595276171-629,https://www.notino.it/marche-cosmetici/,Percy Nobleman,https://www.notino.it/percy-nobleman/
1595276171-630,https://www.notino.it/marche-cosmetici/,Perfumepod,https://www.notino.it/perfumepod/
1595276171-631,https://www.notino.it/marche-cosmetici/,Perfumer’s Workshop,https://www.notino.it/perfumers-workshop/
1595276171-632,https://www.notino.it/marche-cosmetici/,Perricone MD,https://www.notino.it/perriconemd/
1595276171-633,https://www.notino.it/marche-cosmetici/,Perris Monte Carlo,https://www.notino.it/perris-monte-carlo/
1595276171-634,https://www.notino.it/marche-cosmetici/,Perry Ellis,https://www.notino.it/perry-ellis/
1595276171-635,https://www.notino.it/marche-cosmetici/,Persil,https://www.notino.it/persil/
1595276171-636,https://www.notino.it/marche-cosmetici/,Perspirex,https://www.notino.it/perspirex/
1595276171-637,https://www.notino.it/marche-cosmetici/,Perwoll,https://www.notino.it/perwoll/
1595276171-638,https://www.notino.it/marche-cosmetici/,Peter Thomas Roth,https://www.notino.it/peter-thomas-roth/
1595276171-639,https://www.notino.it/marche-cosmetici/,Petitfee,https://www.notino.it/petitfee/
1595276171-640,https://www.notino.it/marche-cosmetici/,Petits JouJoux,https://www.notino.it/petits-joujoux/
1595276171-641,https://www.notino.it/marche-cosmetici/,Pharmaceris,https://www.notino.it/pharmaceris/
1595276171-642,https://www.notino.it/marche-cosmetici/,Philips,https://www.notino.it/philips/
1595276171-643,https://www.notino.it/marche-cosmetici/,Physicians Formula,https://www.notino.it/physicians-formula/
1595276171-644,https://www.notino.it/marche-cosmetici/,Physiogel,https://www.notino.it/physiogel/
1595276171-645,https://www.notino.it/marche-cosmetici/,Phyto,https://www.notino.it/phyto/
1595276171-73,https://www.notino.it/marche-cosmetici/,Balmain,https://www.notino.it/pierre-balmain/
1595276171-646,https://www.notino.it/marche-cosmetici/,Pierre Cardin,https://www.notino.it/pierre-cardin/
1595276171-647,https://www.notino.it/marche-cosmetici/,Pierre René,https://www.notino.it/pierre-rene/
1595276171-648,https://www.notino.it/marche-cosmetici/,Pilaten,https://www.notino.it/pilaten/
1595276171-649,https://www.notino.it/marche-cosmetici/,Pino Silvestre,https://www.notino.it/pino-silvestre/
1595276171-650,https://www.notino.it/marche-cosmetici/,Pitbull,https://www.notino.it/pitbull/
1595276171-651,https://www.notino.it/marche-cosmetici/,Piz Buin,https://www.notino.it/piz-buin/
1595276171-652,https://www.notino.it/marche-cosmetici/,Plantur,https://www.notino.it/plantur/
1595276171-653,https://www.notino.it/marche-cosmetici/,Playboy,https://www.notino.it/playboy/
1595276171-654,https://www.notino.it/marche-cosmetici/,PLH Beauty,https://www.notino.it/plh-beauty/
1595276171-655,https://www.notino.it/marche-cosmetici/,PMD Beauty,https://www.notino.it/pmd-beauty/
1595276171-657,https://www.notino.it/marche-cosmetici/,Polaar,https://www.notino.it/polaar/
1595276171-656,https://www.notino.it/marche-cosmetici/,Pola Cosmetics,https://www.notino.it/pola-cosmetics/
1595276171-658,https://www.notino.it/marche-cosmetici/,Police,https://www.notino.it/police/
1595276171-659,https://www.notino.it/marche-cosmetici/,Pomellato,https://www.notino.it/pomellato/
1595276171-660,https://www.notino.it/marche-cosmetici/,Poo-Pourri,https://www.notino.it/poo-pourri/
1595276171-661,https://www.notino.it/marche-cosmetici/,Popband,https://www.notino.it/popband/
1595276171-662,https://www.notino.it/marche-cosmetici/,Porsche Design,https://www.notino.it/porsche-design/
1595276171-663,https://www.notino.it/marche-cosmetici/,Prada,https://www.notino.it/prada/
1595276171-664,https://www.notino.it/marche-cosmetici/,Prêt à Porter,https://www.notino.it/pret-a-porter/
1595276171-665,https://www.notino.it/marche-cosmetici/,Pretty Athletic,https://www.notino.it/pretty-athletic/
1595276171-666,https://www.notino.it/marche-cosmetici/,Proraso,https://www.notino.it/proraso/
1595276171-667,https://www.notino.it/marche-cosmetici/,Pulp Riot,https://www.notino.it/pulp-riot/
1595276171-668,https://www.notino.it/marche-cosmetici/,Puma,https://www.notino.it/puma/
1595276171-669,https://www.notino.it/marche-cosmetici/,Pupa,https://www.notino.it/pupa/
1595276171-670,https://www.notino.it/marche-cosmetici/,Pur,https://www.notino.it/pur/
1595276171-671,https://www.notino.it/marche-cosmetici/,Pure97,https://www.notino.it/pure-97/
1595276171-672,https://www.notino.it/marche-cosmetici/,Pureology,https://www.notino.it/pureology/
1595276171-673,https://www.notino.it/marche-cosmetici/,Purito,https://www.notino.it/purito/
1595276171-674,https://www.notino.it/marche-cosmetici/,Purity Vision,https://www.notino.it/purity-vision/
1595276171-675,https://www.notino.it/marche-cosmetici/,Pyunkang Yul,https://www.notino.it/pyunkang-yul/
1595276171-676,https://www.notino.it/marche-cosmetici/,Queen Helene,https://www.notino.it/queen-helene/
1595276171-677,https://www.notino.it/marche-cosmetici/,Radox,https://www.notino.it/radox/
1595276171-678,https://www.notino.it/marche-cosmetici/,Ralph Lauren,https://www.notino.it/ralph-lauren/
1595276171-679,https://www.notino.it/marche-cosmetici/,Ramon Bejar,https://www.notino.it/ramon-bejar/
1595276171-680,https://www.notino.it/marche-cosmetici/,Rampage,https://www.notino.it/rampage/
1595276171-681,https://www.notino.it/marche-cosmetici/,Rasasi,https://www.notino.it/rasasi/
1595276171-682,https://www.notino.it/marche-cosmetici/,RawGaia,https://www.notino.it/raw-gaia/
1595276171-683,https://www.notino.it/marche-cosmetici/,Real Techniques,https://www.notino.it/real-techniques/
1595276171-684,https://www.notino.it/marche-cosmetici/,Redken,https://www.notino.it/redken/
1595276171-685,https://www.notino.it/marche-cosmetici/,REF,https://www.notino.it/ref/
1595276171-686,https://www.notino.it/marche-cosmetici/,RefectoCil,https://www.notino.it/refectocil/
1595276171-687,https://www.notino.it/marche-cosmetici/,Regenerum,https://www.notino.it/regenerum/
1595276171-688,https://www.notino.it/marche-cosmetici/,Regina,https://www.notino.it/regina/
1595276171-689,https://www.notino.it/marche-cosmetici/,Remescar,https://www.notino.it/remescar/
1595276171-690,https://www.notino.it/marche-cosmetici/,Remington,https://www.notino.it/remington/
1595276171-691,https://www.notino.it/marche-cosmetici/,Reminiscence,https://www.notino.it/reminiscence/
1595276171-692,https://www.notino.it/marche-cosmetici/,REN,https://www.notino.it/ren/
1595276171-693,https://www.notino.it/marche-cosmetici/,René Furterer,https://www.notino.it/rene-furterer/
1595276171-694,https://www.notino.it/marche-cosmetici/,Renovality,https://www.notino.it/renovality/
1595276171-695,https://www.notino.it/marche-cosmetici/,Repetto,https://www.notino.it/repetto/
1595276171-696,https://www.notino.it/marche-cosmetici/,Replay,https://www.notino.it/replay/
1595276171-697,https://www.notino.it/marche-cosmetici/,Reuzel,https://www.notino.it/reuzel/
1595276171-698,https://www.notino.it/marche-cosmetici/,RevitaLash,https://www.notino.it/revitalash/
1595276171-699,https://www.notino.it/marche-cosmetici/,Revlon,https://www.notino.it/revlon/
1595276171-700,https://www.notino.it/marche-cosmetici/,Revlon Cosmetics,https://www.notino.it/revlon-cosmetics/
1595276171-701,https://www.notino.it/marche-cosmetici/,Revlon Professional,https://www.notino.it/revlon-professional/
1595276171-702,https://www.notino.it/marche-cosmetici/,Revolution PRO,https://www.notino.it/revolution-pro/
1595276171-703,https://www.notino.it/marche-cosmetici/,Revolution Skincare,https://www.notino.it/revolution-skincare/
1595276171-704,https://www.notino.it/marche-cosmetici/,Rexona,https://www.notino.it/rexona/
1595276171-705,https://www.notino.it/marche-cosmetici/,Ria,https://www.notino.it/ria/
1595276171-706,https://www.notino.it/marche-cosmetici/,Rihanna,https://www.notino.it/rihanna/
1595276171-707,https://www.notino.it/marche-cosmetici/,Rilastil,https://www.notino.it/rilastil/
1595276171-708,https://www.notino.it/marche-cosmetici/,Rimmel,https://www.notino.it/rimmel/
1595276171-710,https://www.notino.it/marche-cosmetici/,Roberto Cavalli,https://www.notino.it/roberto-cavalli/
1595276171-711,https://www.notino.it/marche-cosmetici/,Roberto Verino,https://www.notino.it/roberto-verino/
1595276171-709,https://www.notino.it/marche-cosmetici/,Robert Piguet,https://www.notino.it/robert-piguet/
1595276171-712,https://www.notino.it/marche-cosmetici/,RoC,https://www.notino.it/roc/
1595276171-713,https://www.notino.it/marche-cosmetici/,Roccobarocco,https://www.notino.it/roccobarocco/
1595276171-714,https://www.notino.it/marche-cosmetici/,Rochas,https://www.notino.it/rochas/
1595276171-715,https://www.notino.it/marche-cosmetici/,Rodial,https://www.notino.it/rodial/
1595276171-716,https://www.notino.it/marche-cosmetici/,Roger & Gallet,https://www.notino.it/roger-gallet/
1595276171-717,https://www.notino.it/marche-cosmetici/,Roja Parfums,https://www.notino.it/roja-parfums/
1595276171-718,https://www.notino.it/marche-cosmetici/,Romeo Gigli,https://www.notino.it/romeo-gigli/
1595276171-719,https://www.notino.it/marche-cosmetici/,Rowenta,https://www.notino.it/rowenta/
1595276171-720,https://www.notino.it/marche-cosmetici/,Royal and Langnickel,https://www.notino.it/royal-and-langnickel/
1595276171-721,https://www.notino.it/marche-cosmetici/,Royal Copenhagen,https://www.notino.it/royal-copenhagen/
1595276171-722,https://www.notino.it/marche-cosmetici/,Royal Crown,https://www.notino.it/royal-crown/
1595276171-723,https://www.notino.it/marche-cosmetici/,Rude Cosmetics,https://www.notino.it/rude/
1595276171-724,https://www.notino.it/marche-cosmetici/,RYOR,https://www.notino.it/ryor/
1595276171-727,https://www.notino.it/marche-cosmetici/,Sachajuan,https://www.notino.it/sachajuan/
1595276171-728,https://www.notino.it/marche-cosmetici/,Saffee,https://www.notino.it/saffee/
1595276171-729,https://www.notino.it/marche-cosmetici/,Sally Hansen,https://www.notino.it/sally-hansen/
1595276171-730,https://www.notino.it/marche-cosmetici/,Saloos,https://www.notino.it/saloos/
1595276171-731,https://www.notino.it/marche-cosmetici/,Salvador Dali,https://www.notino.it/salvador-dali/
1595276171-732,https://www.notino.it/marche-cosmetici/,Salvatore Ferragamo,https://www.notino.it/salvatore-ferragamo/
1595276171-733,https://www.notino.it/marche-cosmetici/,Sanoflore,https://www.notino.it/sanoflore/
1595276171-734,https://www.notino.it/marche-cosmetici/,SANTINI Cosmetic,https://www.notino.it/santini-cosmetic/
1595276171-735,https://www.notino.it/marche-cosmetici/,Sapil,https://www.notino.it/sapil/
1595276171-736,https://www.notino.it/marche-cosmetici/,Sarah Jessica Parker,https://www.notino.it/sarah-jessica-parker/
1595276171-737,https://www.notino.it/marche-cosmetici/,Schmidt's,https://www.notino.it/schmidts/
1595276171-738,https://www.notino.it/marche-cosmetici/,Scholl,https://www.notino.it/scholl/
1595276171-739,https://www.notino.it/marche-cosmetici/,Schwarzkopf,https://www.notino.it/schwarzkopf/
1595276171-740,https://www.notino.it/marche-cosmetici/,Schwarzkopf Professional,https://www.notino.it/schwarzkopf-professional/
1595276171-741,https://www.notino.it/marche-cosmetici/,Scottish Fine Soaps,https://www.notino.it/scottish-fine-soaps/
1595276171-743,https://www.notino.it/marche-cosmetici/,Sean John,https://www.notino.it/sean-john/
1595276171-742,https://www.notino.it/marche-cosmetici/,Sea of Spa,https://www.notino.it/sea-of-spa/
1595276171-744,https://www.notino.it/marche-cosmetici/,Sebamed,https://www.notino.it/sebamed/
1595276171-745,https://www.notino.it/marche-cosmetici/,Sebastian Professional,https://www.notino.it/sebastian-professional/
1595276171-746,https://www.notino.it/marche-cosmetici/,Semilac Paris,https://www.notino.it/semilac-paris/
1595276171-747,https://www.notino.it/marche-cosmetici/,Sensai,https://www.notino.it/sensai/
1595276171-748,https://www.notino.it/marche-cosmetici/,Sensilis,https://www.notino.it/sensilis/
1595276171-749,https://www.notino.it/marche-cosmetici/,Sensodyne,https://www.notino.it/sensodyne/
1595276171-750,https://www.notino.it/marche-cosmetici/,Sergio Tacchini,https://www.notino.it/sergio-tacchini/
1595276171-751,https://www.notino.it/marche-cosmetici/,Sesderma,https://www.notino.it/sesderma/
1595276171-752,https://www.notino.it/marche-cosmetici/,Seventh Generation,https://www.notino.it/seventh-generation/
1595276171-753,https://www.notino.it/marche-cosmetici/,Sex and the City,https://www.notino.it/sex-and-the-city/
1595276171-754,https://www.notino.it/marche-cosmetici/,Sexy Hair,https://www.notino.it/sexy-hair/
1595276171-755,https://www.notino.it/marche-cosmetici/,Shaik,https://www.notino.it/shaik/
1595276171-756,https://www.notino.it/marche-cosmetici/,Shanghai Tang,https://www.notino.it/shanghai-tang/
1595276171-757,https://www.notino.it/marche-cosmetici/,Shangpree,https://www.notino.it/shangpree/
1595276171-758,https://www.notino.it/marche-cosmetici/,Shiseido,https://www.notino.it/shiseido/
1595276171-759,https://www.notino.it/marche-cosmetici/,Shu Uemura,https://www.notino.it/shu-uemura/
1595276171-760,https://www.notino.it/marche-cosmetici/,Sigma Beauty,https://www.notino.it/sigma-beauty/
1595276171-761,https://www.notino.it/marche-cosmetici/,Signal,https://www.notino.it/signal/
1595276171-762,https://www.notino.it/marche-cosmetici/,Silan,https://www.notino.it/silan/
1595276171-763,https://www.notino.it/marche-cosmetici/,Silcatil,https://www.notino.it/silcatil/
1595276171-764,https://www.notino.it/marche-cosmetici/,Sisley,https://www.notino.it/sisley/
1595276171-765,https://www.notino.it/marche-cosmetici/,Slava Zaitsev,https://www.notino.it/slava-zaitsev/
1595276171-766,https://www.notino.it/marche-cosmetici/,Smells Like Spells,https://www.notino.it/smells-like-spells/
1595276171-767,https://www.notino.it/marche-cosmetici/,Soaphoria,https://www.notino.it/soaphoria/
1595276171-768,https://www.notino.it/marche-cosmetici/,Sofia Vergara,https://www.notino.it/sofia-vergara/
1595276171-769,https://www.notino.it/marche-cosmetici/,Sofira Decor Interior,https://www.notino.it/sofira-decor-interior/
1595276171-725,https://www.notino.it/marche-cosmetici/,s.Oliver,https://www.notino.it/soliver/
1595276171-770,https://www.notino.it/marche-cosmetici/,Somat,https://www.notino.it/somat/
1595276171-771,https://www.notino.it/marche-cosmetici/,Somatoline,https://www.notino.it/somatoline/
1595276171-772,https://www.notino.it/marche-cosmetici/,Soraya,https://www.notino.it/soraya/
1595276171-773,https://www.notino.it/marche-cosmetici/,Spirit,https://www.notino.it/spirit/
1595276171-774,https://www.notino.it/marche-cosmetici/,SpiriTime,https://www.notino.it/spiritime/
1595276171-775,https://www.notino.it/marche-cosmetici/,Splat,https://www.notino.it/splat/
1595276171-726,https://www.notino.it/marche-cosmetici/,S.T. Dupont,https://www.notino.it/st-dupont/
1595276171-778,https://www.notino.it/marche-cosmetici/,Stella McCartney,https://www.notino.it/stella-mccartney/
1595276171-779,https://www.notino.it/marche-cosmetici/,Stéphane Humbert Lucas 777,https://www.notino.it/stephane-humbert-lucas-777/
1595276171-776,https://www.notino.it/marche-cosmetici/,St. Moriz,https://www.notino.it/st-moriz/
1595276171-780,https://www.notino.it/marche-cosmetici/,STR8,https://www.notino.it/str8/
1595276171-777,https://www.notino.it/marche-cosmetici/,St.Tropez,https://www.notino.it/sttropez/
1595276171-781,https://www.notino.it/marche-cosmetici/,Subrina Professional,https://www.notino.it/subrina-professional/
1595276171-782,https://www.notino.it/marche-cosmetici/,Sunlight,https://www.notino.it/sunlight/
1595276171-783,https://www.notino.it/marche-cosmetici/,Surf,https://www.notino.it/surf/
1595276171-784,https://www.notino.it/marche-cosmetici/,SVR,https://www.notino.it/svr/
1595276171-785,https://www.notino.it/marche-cosmetici/,Swiss Arabian,https://www.notino.it/swiss-arabian/
1595276171-847,https://www.notino.it/marche-cosmetici/,Victorinox,https://www.notino.it/swiss-army/
1595276171-786,https://www.notino.it/marche-cosmetici/,Swissdent,https://www.notino.it/swissdent/
1595276171-787,https://www.notino.it/marche-cosmetici/,Synchroline,https://www.notino.it/synchroline/
1595276171-788,https://www.notino.it/marche-cosmetici/,Synouvelle Cosmeceuticals,https://www.notino.it/synouvelle-cosmeceuticals/
1595276171-789,https://www.notino.it/marche-cosmetici/,Syoss,https://www.notino.it/syoss/
1595276171-790,https://www.notino.it/marche-cosmetici/,Tabac,https://www.notino.it/tabac/
1595276171-791,https://www.notino.it/marche-cosmetici/,Tangle Teezer,https://www.notino.it/tangle-teezer/
1595276171-792,https://www.notino.it/marche-cosmetici/,Tannymaxx,https://www.notino.it/tannymaxx/
1595276171-793,https://www.notino.it/marche-cosmetici/,Taylor of Old Bond Street,https://www.notino.it/taylor-of-old-bond-street/
1595276171-794,https://www.notino.it/marche-cosmetici/,Tea Tree,https://www.notino.it/tea-tree/
1595276171-795,https://www.notino.it/marche-cosmetici/,Teatro Fragranze,https://www.notino.it/teatro-fragranze/
1595276171-796,https://www.notino.it/marche-cosmetici/,Ted Lapidus,https://www.notino.it/ted-lapidus/
1595276171-797,https://www.notino.it/marche-cosmetici/,TePe,https://www.notino.it/tepe/
1595276171-798,https://www.notino.it/marche-cosmetici/,Terry de Gunzburg,https://www.notino.it/terry-de-gunzburg/
1595276171-799,https://www.notino.it/marche-cosmetici/,Tesori d'Oriente,https://www.notino.it/tesori-doriente/
1595276171-800,https://www.notino.it/marche-cosmetici/,Thalgo,https://www.notino.it/thalgo/
1595276171-801,https://www.notino.it/marche-cosmetici/,Thalia Sodi,https://www.notino.it/thalia-sodi/
1595276171-802,https://www.notino.it/marche-cosmetici/,THD,https://www.notino.it/thd/
1595276171-809,https://www.notino.it/marche-cosmetici/,theBalm,https://www.notino.it/thebalm/
1595276171-803,https://www.notino.it/marche-cosmetici/,The Bluebeards Revenge,https://www.notino.it/the-bluebeards-revenge/
1595276171-804,https://www.notino.it/marche-cosmetici/,The Different Company,https://www.notino.it/the-different-company/
1595276171-805,https://www.notino.it/marche-cosmetici/,The Finger Glove,https://www.notino.it/the-finger-glove/
1595276171-806,https://www.notino.it/marche-cosmetici/,The Library of Fragrance,https://www.notino.it/the-library-of-fragrance/
1595276171-807,https://www.notino.it/marche-cosmetici/,The Organic Pharmacy,https://www.notino.it/the-organic-pharmacy/
1595276171-810,https://www.notino.it/marche-cosmetici/,Thermoval,https://www.notino.it/thermoval/
1595276171-808,https://www.notino.it/marche-cosmetici/,The Smurfs,https://www.notino.it/the-smurfs/
1595276171-811,https://www.notino.it/marche-cosmetici/,Tiffany & Co.,https://www.notino.it/tiffany-co/
1595276171-812,https://www.notino.it/marche-cosmetici/,TIGI,https://www.notino.it/tigi/
1595276171-813,https://www.notino.it/marche-cosmetici/,Tiziana Terenzi,https://www.notino.it/tiziana-terenzi/
1595276171-814,https://www.notino.it/marche-cosmetici/,Tołpa,https://www.notino.it/tolpa/
1595276171-815,https://www.notino.it/marche-cosmetici/,Tolure Cosmetics,https://www.notino.it/tolure-cosmetics/
1595276171-816,https://www.notino.it/marche-cosmetici/,Tom Ford,https://www.notino.it/tom-ford/
1595276171-818,https://www.notino.it/marche-cosmetici/,Tommy Hilfiger,https://www.notino.it/tommy-hilfiger/
1595276171-817,https://www.notino.it/marche-cosmetici/,Tom Tailor,https://www.notino.it/tom-tailor/
1595276171-819,https://www.notino.it/marche-cosmetici/,TONI&GUY,https://www.notino.it/toniguy/
1595276171-820,https://www.notino.it/marche-cosmetici/,Tonino Lamborghini,https://www.notino.it/tonino-lamborghini/
1595276171-821,https://www.notino.it/marche-cosmetici/,TONYMOLY,https://www.notino.it/tonymoly/
1595276171-822,https://www.notino.it/marche-cosmetici/,Topicrem,https://www.notino.it/topicrem/
1595276171-823,https://www.notino.it/marche-cosmetici/,Tory Burch,https://www.notino.it/tory-burch/
1595276171-824,https://www.notino.it/marche-cosmetici/,Tous,https://www.notino.it/tous/
1595276171-825,https://www.notino.it/marche-cosmetici/,Travalo,https://www.notino.it/travalo/
1595276171-826,https://www.notino.it/marche-cosmetici/,TRESemmé,https://www.notino.it/tresemme/
1595276171-827,https://www.notino.it/marche-cosmetici/,Trudi,https://www.notino.it/trudi/
1595276171-828,https://www.notino.it/marche-cosmetici/,Truefitt & Hill,https://www.notino.it/truefitt-hill/
1595276171-829,https://www.notino.it/marche-cosmetici/,Trussardi,https://www.notino.it/trussardi/
1595276171-830,https://www.notino.it/marche-cosmetici/,Tweezerman,https://www.notino.it/tweezerman/
1595276171-831,https://www.notino.it/marche-cosmetici/,Twin Lotus,https://www.notino.it/twin-lotus/
1595276171-832,https://www.notino.it/marche-cosmetici/,Urban Alchemy,https://www.notino.it/urban-alchemy/
1595276171-833,https://www.notino.it/marche-cosmetici/,Uriage,https://www.notino.it/uriage/
1595276171-834,https://www.notino.it/marche-cosmetici/,Urtekram,https://www.notino.it/urtekram/
1595276171-835,https://www.notino.it/marche-cosmetici/,Usher,https://www.notino.it/usher/
1595276171-836,https://www.notino.it/marche-cosmetici/,Valentino,https://www.notino.it/valentino/
1595276171-837,https://www.notino.it/marche-cosmetici/,Valera,https://www.notino.it/valera/
1595276171-838,https://www.notino.it/marche-cosmetici/,Van Cleef & Arpels,https://www.notino.it/van-cleef-arpels/
1595276171-839,https://www.notino.it/marche-cosmetici/,Vanish,https://www.notino.it/vanish/
1595276171-840,https://www.notino.it/marche-cosmetici/,Vaseline,https://www.notino.it/vaseline/
1595276171-841,https://www.notino.it/marche-cosmetici/,Veet,https://www.notino.it/veet/
1595276171-842,https://www.notino.it/marche-cosmetici/,Vellutier,https://www.notino.it/vellutier/
1595276171-843,https://www.notino.it/marche-cosmetici/,Vera Wang,https://www.notino.it/vera-wang/
1595276171-844,https://www.notino.it/marche-cosmetici/,Versace,https://www.notino.it/versace/
1595276171-845,https://www.notino.it/marche-cosmetici/,Vichy,https://www.notino.it/vichy/
1595276171-846,https://www.notino.it/marche-cosmetici/,Victoria's Secret,https://www.notino.it/victorias-secret/
1595276171-848,https://www.notino.it/marche-cosmetici/,Viktor & Rolf,https://www.notino.it/viktor-rolf/
1595276171-849,https://www.notino.it/marche-cosmetici/,Village,https://www.notino.it/village/
1595276171-850,https://www.notino.it/marche-cosmetici/,Village Candle,https://www.notino.it/village-candle/
1595276171-851,https://www.notino.it/marche-cosmetici/,Vince Camuto,https://www.notino.it/vince-camuto/
1595276171-852,https://www.notino.it/marche-cosmetici/,Vita Liberata,https://www.notino.it/vita-liberata/
1595276171-853,https://www.notino.it/marche-cosmetici/,Vitis,https://www.notino.it/vitis/
1595276171-854,https://www.notino.it/marche-cosmetici/,Vivian Gray,https://www.notino.it/vivian-gray/
1595276171-855,https://www.notino.it/marche-cosmetici/,VOLUSPA,https://www.notino.it/voluspa/
1595276171-856,https://www.notino.it/marche-cosmetici/,V-Protect,https://www.notino.it/v-protect/
1595276171-857,https://www.notino.it/marche-cosmetici/,W7 Cosmetics,https://www.notino.it/w7-cosmetics/
1595276171-858,https://www.notino.it/marche-cosmetici/,Wahl Pro,https://www.notino.it/wahl-pro/
1595276171-859,https://www.notino.it/marche-cosmetici/,Waks,https://www.notino.it/waks/
1595276171-860,https://www.notino.it/marche-cosmetici/,Walden,https://www.notino.it/walden/
1595276171-861,https://www.notino.it/marche-cosmetici/,Weleda,https://www.notino.it/weleda/
1595276171-862,https://www.notino.it/marche-cosmetici/,Wella Professionals,https://www.notino.it/wella-professionals/
1595276171-863,https://www.notino.it/marche-cosmetici/,Wet Brush,https://www.notino.it/wet-brush/
1595276171-864,https://www.notino.it/marche-cosmetici/,Wet N Wild,https://www.notino.it/wet-n-wild/
1595276171-865,https://www.notino.it/marche-cosmetici/,White Pearl,https://www.notino.it/white-pearl/
1595276171-866,https://www.notino.it/marche-cosmetici/,Whitewash,https://www.notino.it/whitewash/
1595276171-867,https://www.notino.it/marche-cosmetici/,Wilkinson Sword,https://www.notino.it/wilkinson-sword/
1595276171-868,https://www.notino.it/marche-cosmetici/,Woodwick,https://www.notino.it/woodwick/
1595276171-869,https://www.notino.it/marche-cosmetici/,Woolite,https://www.notino.it/woolite/
1595276171-870,https://www.notino.it/marche-cosmetici/,Xerjoff,https://www.notino.it/xerjoff/
1595276171-871,https://www.notino.it/marche-cosmetici/,XX by Revolution,https://www.notino.it/xx-by-revolution/
1595276171-872,https://www.notino.it/marche-cosmetici/,Yankee Candle,https://www.notino.it/yankee-candle/
1595276171-873,https://www.notino.it/marche-cosmetici/,Yasumi,https://www.notino.it/yasumi/
1595276171-874,https://www.notino.it/marche-cosmetici/,Yonelle,https://www.notino.it/yonelle/
1595276171-875,https://www.notino.it/marche-cosmetici/,Yope,https://www.notino.it/yope/
1595276171-876,https://www.notino.it/marche-cosmetici/,Yves Saint Laurent,https://www.notino.it/yves-saint-laurent/
1595276171-877,https://www.notino.it/marche-cosmetici/,Zadig & Voltaire,https://www.notino.it/zadig-voltaire/
1595276171-878,https://www.notino.it/marche-cosmetici/,Zendium,https://www.notino.it/zendium/
1595276171-879,https://www.notino.it/marche-cosmetici/,Zew,https://www.notino.it/zew/
1595276171-880,https://www.notino.it/marche-cosmetici/,Ziaja,https://www.notino.it/ziaja/
1595276171-881,https://www.notino.it/marche-cosmetici/,Ziaja Med,https://www.notino.it/ziaja-med/
1595276171-882,https://www.notino.it/marche-cosmetici/,Zippo Fragrances,https://www.notino.it/zippo-fragrances/
1595276171-883,https://www.notino.it/marche-cosmetici/,Zlatan Ibrahimovic,https://www.notino.it/zlatan-ibrahimovic/
1595276171-884,https://www.notino.it/marche-cosmetici/,Zoë Ayla,https://www.notino.it/zoe-ayla/
1595276171-885,https://www.notino.it/marche-cosmetici/,Zwilling,https://www.notino.it/zwilling/
