subcat,subcat_link
Accessori,https://www.notino.it/accessori/
Accessori,https://www.notino.it/accessori-per-capelli/
Acne,https://www.notino.it/acne/
Eritema solare,https://www.notino.it/allergia-al-sole/
Rughe e pelli mature,https://www.notino.it/antirughe-e-antiage/
Aromaterapia,https://www.notino.it/aromaterapia/
Arricciacapelli,https://www.notino.it/arricciacapelli/
Balsamo,https://www.notino.it/balsamo/
Balsamo dopobarba,https://www.notino.it/balsamo-dopobarba/
Trattamenti anticaduta,https://www.notino.it/caduta-dei-capelli/
Calze spray,https://www.notino.it/calze-spray/
Campioncini,https://www.notino.it/campioncini-di-profumo/
Candele,https://www.notino.it/candele-profumate/
Capelli biondi,https://www.notino.it/capelli-biondi/
Capelli colorati,https://www.notino.it/capelli-colorati/
Capelli ribelli,https://www.notino.it/capelli-crespi-e-difficili-da-pettinare/
Capelli danneggiati,https://www.notino.it/capelli-danneggiati/
Capelli fini,https://www.notino.it/capelli-fini/
Capelli grassi,https://www.notino.it/capelli-grassi/
Capelli mossi e ricci,https://www.notino.it/capelli-mossi-e-ricci/
Capelli secchi,https://www.notino.it/capelli-secchi/
Cellulite e smagliature,https://www.notino.it/cellulite-e-smagliature/
Ciprie,https://www.notino.it/cipria/
Tinte,https://www.notino.it/colorazione-dei-capelli/
Confezioni regalo uomo,https://www.notino.it/confezioni-regalo/?f=1-1-3640-3618
Contorno occhi,https://www.notino.it/contorno-occhi/
Correttori,https://www.notino.it/correttori/
Creme abbronzanti viso,https://www.notino.it/crema-abbronzante-viso/
Abbronzanti,https://www.notino.it/creme-abbronzanti/
BB e CC cream,https://www.notino.it/creme-colorate/
"<img src=""https://cdn.notinoimg.com/images/gallery/spage/N_MakeUp_Tonovaci_Kremy_2_20180316_02.png"" width=""200""  height=""200""  alt=""Creme colorate""  title=""Creme colorate""  />Creme colorate",https://www.notino.it/creme-colorate/
Autoabbronzanti,https://www.notino.it/creme-e-spray-autoabbronzanti/
Creme giorno,https://www.notino.it/creme-giorno/
Creme notte,https://www.notino.it/creme-notte/
Solari,https://www.notino.it/creme-solari/
Prodotti solari per il viso,https://www.notino.it/creme-solari/?f=1-1-2-3645-52433-52435
Kit cosmetici,https://www.notino.it/creme-solari/?f=1-1-2-52434-35887
"<img src=""https://cdn.notinoimg.com/images/gallery/spage/N_P_Solaria_20200422_46.png"" width=""200""  height=""200""  alt=""Cosmetici per solarium""  title=""Cosmetici per solarium""  />Cosmetici per solarium",https://www.notino.it/creme-solari/?f=1-1-2-52434-3645-52433-52436-3646-52440-52442
Prodotti solari per il corpo,https://www.notino.it/creme-solari/?f=1-1-2-52434-3646-52440-52441
Pre-sole,https://www.notino.it/creme-solari/?f=1-1-2-52434-3646-52440-52444
SPF 6–10,https://www.notino.it/creme-solari/?f=1-1-2-52434-3905
SPF 15–25,https://www.notino.it/creme-solari/?f=1-1-2-52434-3906
SPF 30–50+,https://www.notino.it/creme-solari/?f=1-1-2-52434-3907-40565
Prodotti solari con filtri minerali,https://www.notino.it/creme-solari/?f=1-1-2-52434-52508
Prodotti solari per bambini,https://www.notino.it/creme-solari/?f=1-1-2-52434-5868
Cuoio capelluto sensibile,https://www.notino.it/cuoio-capelluto-sensibile/
Cura del corpo,https://www.notino.it/cura-del-corpo/
Cura della barba,https://www.notino.it/cura-della-barba/
Pelle grassa,https://www.notino.it/cura-della-pelle-grassa/
Pelle mista,https://www.notino.it/cura-della-pelle-mista/
Pelle secca,https://www.notino.it/cura-della-pelle-secca/
Pelle sensibile,https://www.notino.it/cura-della-pelle-sensibile/
Labbra,https://www.notino.it/cura-delle-labbra/
Cura delle mani,https://www.notino.it/cura-delle-mani/
Cura del viso,https://www.notino.it/cura-del-viso/
Spray e deodoranti per la casa,https://www.notino.it/deodorante-per-ambienti/
Deodoranti e antitraspiranti,https://www.notino.it/deodoranti-e-antitraspiranti/
Trucco,https://www.notino.it/dermocosmesi/?f=1-1-37171-3644
Cura del viso,https://www.notino.it/dermocosmesi/?f=1-1-37171-3645
Cura del contorno occhi,https://www.notino.it/dermocosmesi/?f=1-1-37171-3645-35128
Cura del corpo,https://www.notino.it/dermocosmesi/?f=1-1-37171-3646
Cura dei capelli,https://www.notino.it/dermocosmesi/?f=1-1-37171-3649
Protezione solare,https://www.notino.it/dermocosmesi/?f=1-1-37171-52435
Pulizia dei pennelli,https://www.notino.it/detergente-per-pennelli-trucco/
Diffusori di aromi,https://www.notino.it/diffusore-di-aromi/
Doposole,https://www.notino.it/doposole/
Eau de parfum,https://www.notino.it/eau-de-parfum/
Eau de toilette,https://www.notino.it/eau-de-toilette/
Eczema atopico,https://www.notino.it/eczema-atopico/
Eyeliner,https://www.notino.it/eyeliner/
Fondotinta,https://www.notino.it/fondotinta/
Blush,https://www.notino.it/glow-makeup/
Igiene intima,https://www.notino.it/igiene-intima/
Denti,https://www.notino.it/igiene-orale/?f=1-1-2-4891-3618
Ingredienti dei profumi,https://www.notino.it/ingredienti-dei-profumi/
Kit cosmetici,https://www.notino.it/kit-cosmetici-per-il-corpo/
Labbra,https://www.notino.it/labbra/
Lampade catalitiche,https://www.notino.it/lampada-catalitica/
Macchie pigmentarie,https://www.notino.it/macchie-pigmentarie/
Sopracciglia,https://www.notino.it/make-up/?f=1-1-2-3644-41832
Trousse per cosmetici,https://www.notino.it/make-up/?f=1-1-2-3644-6942-40460
Makeup setting spray,https://www.notino.it/makeup-setting-spray/
Mascara,https://www.notino.it/mascara/
Maschere per capelli,https://www.notino.it/maschere-per-capelli/
Maschere viso,https://www.notino.it/maschere-per-il-viso/
Matite occhi,https://www.notino.it/matite-occhi/
Profumi di nicchia,https://www.notino.it/niche/
Collezione di nicchia,https://www.notino.it/niche/?f=1-1-53785-100225-6718
Olio per capelli,https://www.notino.it/olio-per-capelli/
Ombretti,https://www.notino.it/ombretti/
Palette,https://www.notino.it/palette/
Pelle problematica,https://www.notino.it/pelle-problematica/
Pennelli e spugnette,https://www.notino.it/pennelli-per-trucco/
Pettini e spazzole,https://www.notino.it/pettini-e-spazzole-per-capelli/
Phon,https://www.notino.it/phon-per-capelli/
Piastre,https://www.notino.it/piastre-per-capelli/
Primer,https://www.notino.it/primer/
Problemi di forfora,https://www.notino.it/problemi-di-forfora/
Bambini,https://www.notino.it/prodotti-cosmetici-per-bambini/
Capelli,https://www.notino.it/prodotti-per-capelli/
Stimolazione della crescita,https://www.notino.it/prodotti-per-capelli/?f=1-1-2-3649-40483
Bagno,https://www.notino.it/prodotti-per-il-bagno/
Accessori,https://www.notino.it/prodotti-per-il-corpo/?f=1-1-2-3646-15592
"<img src=""https://cdn.notinoimg.com/images/gallery/spage/N_BodyCare_SprchaAkoupel_20180330_20.png"" width=""200""  height=""200""  alt=""Doccia e bagno""  title=""Doccia e bagno""  />Doccia e bagno",https://www.notino.it/prodotti-per-il-corpo/?f=1-1-2-3646-8088-7191
Accessori,https://www.notino.it/prodotti-per-il-viso/?f=1-1-2-3645-11517
Acne,https://www.notino.it/prodotti-per-lacne/
Doccia,https://www.notino.it/prodotti-per-la-doccia/
Occhiaie,https://www.notino.it/prodotti-per-le-occhiaie/
Prodotti per parrucchieri,https://www.notino.it/prodotti-per-parrucchieri/
Solarium,https://www.notino.it/prodotti-per-solarium/
Viso,https://www.notino.it/prodotti-per-uomo/?f=1-1-23235-23237
Capelli,https://www.notino.it/prodotti-per-uomo/?f=1-1-23235-23260
Corpo,https://www.notino.it/prodotti-per-uomo/?f=1-1-23235-23261
Rasoi e altri accessori,https://www.notino.it/prodotti-per-uomo/?f=1-1-23235-23263
"<img src=""https://cdn.notinoimg.com/images/gallery/spage/fragrance_20190503_20.jpg"" width=""200""  height=""200""  alt=""profumi""  title=""profumi""  />profumi",https://www.notino.it/prodotti-per-uomo/?f=1-1-6362-3618
Prodotti struccanti,https://www.notino.it/prodotti-struccanti/
Profumi,https://www.notino.it/profumi/
Accessori,https://www.notino.it/profumi/?f=1-1-1-100226
Prodotti fragranzati corpo,https://www.notino.it/profumi/?f=1-1-55544-3623-3625
Profumi agrumati,https://www.notino.it/profumi-agrumati/
Profumi cipriati,https://www.notino.it/profumi-cipriati/
Profumi donna,https://www.notino.it/profumi-donna/
"<img src=""https://cdn.notinoimg.com/images/gallery/spage/cz_sk_de_pl_hu_ro_bg_it_dlazdice_damske_parfemy_20200430_56.jpg"" width=""200""  height=""200""  alt=""Profumi per donna""  title=""Profumi per donna""  />Profumi per donna",https://www.notino.it/profumi-donna/
Profumi floreali,https://www.notino.it/profumi-floreali/
Profumi fruttati,https://www.notino.it/profumi-fruttati/
Profumi legnosi,https://www.notino.it/profumi-legnosi/
Profumi orientali,https://www.notino.it/profumi-orientali/
Profumi per ambienti,https://www.notino.it/profumi-per-ambienti/
Accessori,https://www.notino.it/profumi-per-ambienti/?f=1-1-53785-29100-29703-25814-27276-25819-32624
Profumi per auto,https://www.notino.it/profumi-per-auto/
Profumi per bambini,https://www.notino.it/profumi-per-bambini/
Profumi speziati,https://www.notino.it/profumi-speziati/
Profumi unisex,https://www.notino.it/profumi-unisex/
Profumi uomo,https://www.notino.it/profumi-uomo/
Pulizia del viso,https://www.notino.it/pulizia-del-viso/
"<img src=""https://i.notino.com/images/gallery/spage/N_P_Odliceni_Cisteni_All_20191218_25.png"" width=""200""  height=""200""  alt=""Rimozione del trucco e pulizia""  title=""Rimozione del trucco e pulizia""  />Rimozione del trucco e pulizia",https://www.notino.it/pulizia-del-viso/
Rasatura e depilazione,https://www.notino.it/rasatura-e-depilazione-donna/
Rasatura tradizionale,https://www.notino.it/rasatura-tradizionale/
Rasatura,https://www.notino.it/rasatura-uomo/
Cicatrizzanti,https://www.notino.it/rigenerazione-della-pelle/
Skincare routine,https://www.notino.it/routine-per-la-cura-della-pelle/
Sapone,https://www.notino.it/sapone/
Scrub viso,https://www.notino.it/scrub-viso/
Shampoo,https://www.notino.it/shampoo/
"<img src=""https://cdn.notinoimg.com/images/gallery/spage/LP_dlazdice_sampony_WEST_20200428_54.jpg"" width=""200""  height=""200""  alt=""Shampoo""  title=""Shampoo""  />Shampoo",https://www.notino.it/shampoo/
Ciglia e sopracciglia,https://www.notino.it/sieri-per-ciglia-e-sopracciglia/
Sieri viso,https://www.notino.it/sieri-viso/
Spazzole pulizia viso,https://www.notino.it/spazzole-pulizia-viso/
Styling,https://www.notino.it/styling/
Sudorazione eccessiva,https://www.notino.it/sudorazione-eccessiva/
Termoprotettori,https://www.notino.it/termoprotettori-per-capelli/
Tinte per capelli,https://www.notino.it/tinte-per-capelli/
Che tipo di pelle ho?,https://www.notino.it/tipi-di-pelle/
Tonici e lozioni,https://www.notino.it/tonici-e-lozioni/
Senza risciacquo,https://www.notino.it/trattamenti-senza-risciacquo/
Unghie,https://www.notino.it/unghie/
