subcat,subcatli
Acne,https://www.notino.co.uk/acne/
Acne treatments,https://www.notino.co.uk/acne-treatments/
After Shave Balm,https://www.notino.co.uk/after-shave-balm/
After Sun,https://www.notino.co.uk/after-sun/
Home sprays and air fresheners,https://www.notino.co.uk/air-freshener/
Anti-aging,https://www.notino.co.uk/anti-aging/
Anti dandruff,https://www.notino.co.uk/anti-dandruff/
Diffusers,https://www.notino.co.uk/aroma-diffuser/
Aromatherapy,https://www.notino.co.uk/aromatherapy/
"<img src="",https://cdn.notinoimg.com/images/gallery/spage/N_BodyCare_SprchaAkoupel_20180403_17.png"" width=""200""  height=""200""  alt=""Shower gels and bath products""  title=""Shower gels and bath products""  />Shower and bath",https://www.notino.co.uk/bath-and-body/?f=1-1-2-3646-8088-7191
Hand Care,https://www.notino.co.uk/bath-and-body/hand-care/
Bath Products,https://www.notino.co.uk/bath-products/
Beard combs and brushes,https://www.notino.co.uk/beard-combs-and-brushes/
Beard Grooming,https://www.notino.co.uk/beard-grooming/
Beauty tools,https://www.notino.co.uk/beauty-tools/
Blonde hair,https://www.notino.co.uk/blonde-hair/
Body Care & Treatment,https://www.notino.co.uk/body-care/
Body Care Gift Sets,https://www.notino.co.uk/body-care-gift-sets/
Car fresheners,https://www.notino.co.uk/car-fresheners/
Cellulite and Stretch Marks,https://www.notino.co.uk/cellulite-and-stretch-marks/
Chypre perfumes,https://www.notino.co.uk/chypre-perfumes/
Citrus perfumes,https://www.notino.co.uk/citrus-perfumes/
Coloured hair,https://www.notino.co.uk/coloured-hair/
Combs and brushes,https://www.notino.co.uk/combs-and-brushes/
Concealer,https://www.notino.co.uk/concealer/
Cosmetic bags,https://www.notino.co.uk/cosmetic-bags/
Damaged hair,https://www.notino.co.uk/damaged-hair/
Day cream,https://www.notino.co.uk/day-cream/
Deodorants,https://www.notino.co.uk/deodorant/
Care for Eyes and the Eye Area,https://www.notino.co.uk/dermocosmetics/?f=1-1-2-37171-35128
Makeup,https://www.notino.co.uk/dermocosmetics/?f=1-1-2-37171-3644
Body Care,https://www.notino.co.uk/dermocosmetics/?f=1-1-2-37171-3646
Hair Care,https://www.notino.co.uk/dermocosmetics/?f=1-1-2-37171-3649
Sun Care,https://www.notino.co.uk/dermocosmetics/?f=1-1-2-37171-52433
Skin care,https://www.notino.co.uk/dermocosmetics/?f=1-1-37171-3645
Atopic dermatitis,https://www.notino.co.uk/dermocosmetics/atopic-dermatitis/
Hyperpigmentation,https://www.notino.co.uk/dermocosmetics/hyperpigmentation/
Dry hair,https://www.notino.co.uk/dry-hair/
Eau de Parfum,https://www.notino.co.uk/eau-de-parfum/
Eau de Toilette,https://www.notino.co.uk/eau-de-toilette/
Excessive sweating,https://www.notino.co.uk/excessive-sweating/
Eye care,https://www.notino.co.uk/eye-care/
Eyeliners,https://www.notino.co.uk/eyeliner/
Eye pencil,https://www.notino.co.uk/eye-pencil/
Eyeshadow,https://www.notino.co.uk/eyeshadow/
Makeup remover & Face cleanser,https://www.notino.co.uk/face-cleanser/
Makeup removal and cleansing,https://www.notino.co.uk/face-cleanser/
"<img src="",https://i.notino.com/images/gallery/spage/N_P_Odliceni_Cisteni_All_20191218_33.png"" width=""200""  height=""200""  alt=""Makeup removal and cleansing""  title=""Makeup removal and cleansing""  />Makeup removal and cleansing",https://www.notino.co.uk/face-cleanser/
Face exfoliator,https://www.notino.co.uk/face-exfoliator/
Face mask,https://www.notino.co.uk/face-mask/
Face powder,https://www.notino.co.uk/face-powder/
Face sunscreen,https://www.notino.co.uk/face-sunscreen/
Facial cleansing brush,https://www.notino.co.uk/facial-cleansing-brush/
Fake Tan,https://www.notino.co.uk/fake-tan/
Feminine Hygiene,https://www.notino.co.uk/feminine-hygiene/
Fine hair,https://www.notino.co.uk/fine-hair/
Floral perfumes,https://www.notino.co.uk/floral-perfumes/
Foundation,https://www.notino.co.uk/foundation/
Fragrance,https://www.notino.co.uk/fragrance/
Scented products,https://www.notino.co.uk/fragrance/?f=1-1-55544-100182
Scented body care,https://www.notino.co.uk/fragrance/?f=1-1-55544-3625-3623
Fragrance Gift Sets For Him,https://www.notino.co.uk/fragrance/?f=1-1-55544-3640-3618
Fragrance Gift Sets,https://www.notino.co.uk/fragrance-gift-sets/
Catalytic lamps,https://www.notino.co.uk/fragrance-lamp/
Fragrance samples,https://www.notino.co.uk/fragrance-samples/
Fruity perfumes,https://www.notino.co.uk/fruity-perfumes/
Blushers and highlighters,https://www.notino.co.uk/glow-makeup/
Hair accessories,https://www.notino.co.uk/hair-accessories/
Hair,https://www.notino.co.uk/hair-care/
Hair colouring,https://www.notino.co.uk/hair-colouring/
Conditioner,https://www.notino.co.uk/hair-conditioner/
Hair curlers,https://www.notino.co.uk/hair-curlers/
Hairdressing equipment,https://www.notino.co.uk/hairdressing-equipment/
Hair dryer,https://www.notino.co.uk/hair-dryer/
Hair-growth products,https://www.notino.co.uk/hair-growth-products/
Hair loss,https://www.notino.co.uk/hair-loss/
Hair loss in men,https://www.notino.co.uk/hair-loss-in-men/
Hair mask,https://www.notino.co.uk/hair-mask/
Hair oils,https://www.notino.co.uk/hair-oils/
Hair straighteners,https://www.notino.co.uk/hair-straighteners/
Hair styling,https://www.notino.co.uk/hair-styling/
Hand Cream,https://www.notino.co.uk/hand-cream/
Home fragrance,https://www.notino.co.uk/home-fragrance/
"<img src="",https://cdn.notinoimg.com/images/gallery/spage/01_20200622_33.jpg"" width=""200""  height=""200""  alt=""NEW ADDITIONS""  title=""NEW ADDITIONS""  />NEW ADDITIONS",https://www.notino.co.uk/home-fragrance/?f=1-1-53785-100162
Accessories,https://www.notino.co.uk/home-fragrance/?f=1-1-53785-29100-29703-25814-27276-25819-32624
Kids Body Care,https://www.notino.co.uk/kids-body-care/
Kid′s perfume,https://www.notino.co.uk/kids-perfume/
Sunscreen for kids,https://www.notino.co.uk/kids-sunscreen/
Leave-in hair care,https://www.notino.co.uk/leave-in-hair-care/
Leg Makeup,https://www.notino.co.uk/leg-makeup/
Lip care,https://www.notino.co.uk/lip-care/
Lips,https://www.notino.co.uk/lips/
Eyebrows,https://www.notino.co.uk/makeup/?f=1-1-2-3644-41832
Makeup brush cleaner,https://www.notino.co.uk/makeup-brush-cleaner/
Makeup brushes,https://www.notino.co.uk/makeup-brushes/
Makeup primer,https://www.notino.co.uk/makeup-primer/
Mascaras,https://www.notino.co.uk/mascara/
Men's aftershave,https://www.notino.co.uk/mens-aftershave/
"<img src="",https://cdn.notinoimg.com/images/gallery/spage/fragrance_20190503_34.jpg"" width=""200""  height=""200""  alt=""Fragrance""  title=""Fragrance""  />Fragrance",https://www.notino.co.uk/mens-aftershave/
Skin,https://www.notino.co.uk/mens-grooming/?f=1-1-23235-23237
Hair,https://www.notino.co.uk/mens-grooming/?f=1-1-23235-23260
Body,https://www.notino.co.uk/mens-grooming/?f=1-1-23235-23261
Beauty Tools,https://www.notino.co.uk/mens-grooming/?f=1-1-23235-23263
Sun,https://www.notino.co.uk/mens-grooming/?f=1-1-23235-23265
Shaving,https://www.notino.co.uk/mens-shaving/
Mens skincare sets,https://www.notino.co.uk/mens-skincare-sets/
Moisturising care,https://www.notino.co.uk/moisturising-care/
Nails,https://www.notino.co.uk/nails/
Niche perfume,https://www.notino.co.uk/niche/
Niche collection,https://www.notino.co.uk/niche/?f=1-1-53785-100167
Night cream,https://www.notino.co.uk/night-cream/
Oily hair,https://www.notino.co.uk/oily-hair/
Oral Care,https://www.notino.co.uk/oral-care/?f=1-1-2-4891-3618
Oriental perfumes,https://www.notino.co.uk/oriental-perfumes/
Palettes,https://www.notino.co.uk/palettes/
Perfume notes,https://www.notino.co.uk/perfume-notes/
Candles,https://www.notino.co.uk/scented-candles/
Sensitive scalp,https://www.notino.co.uk/sensitive-scalp/
Setting sprays,https://www.notino.co.uk/setting-sprays/
Shampoo,https://www.notino.co.uk/shampoo/
"<img src="",https://cdn.notinoimg.com/images/gallery/spage/LP_dlazdice_sampony_WEST_20200428_50.jpg"" width=""200""  height=""200""  alt=""SHAMPOOS""  title=""SHAMPOOS""  />SHAMPOOS",https://www.notino.co.uk/shampoo/
Shower Care,https://www.notino.co.uk/shower-care/
Eyelash and eyebrow care,https://www.notino.co.uk/skin-care/?f=1-1-2-3645-10460
Accessories,https://www.notino.co.uk/skin-care/?f=1-1-2-3645-11517
Under-eye circles,https://www.notino.co.uk/skin-care/under-eye-circles/
Skin-Care Routine,https://www.notino.co.uk/skincare-routine/
Problematic skin,https://www.notino.co.uk/skin-problems/
Skin regeneration,https://www.notino.co.uk/skin-regeneration/
Skin serum,https://www.notino.co.uk/skin-serum/
Skin toner,https://www.notino.co.uk/skin-toner/
Skin types,https://www.notino.co.uk/skin-types/
Soaps,https://www.notino.co.uk/soap/
Soap,https://www.notino.co.uk/soap/
Spicy perfumes,https://www.notino.co.uk/spicy-perfumes/
Sunbed Tanning,https://www.notino.co.uk/sunbed-tanning/
"<img src="",https://cdn.notinoimg.com/images/gallery/spage/N_P_Solaria_20200422_25.png"" width=""200""  height=""200""  alt=""Products for sunbed tanning""  title=""Products for sunbed tanning""  />Products for sunbed tanning",https://www.notino.co.uk/sunbed-tanning/
Sunblocks SPF 30 – 50+,https://www.notino.co.uk/sunblock/
Sunscreen,https://www.notino.co.uk/sunscreen/
Sunscreen with a mineral UV filter,https://www.notino.co.uk/sunscreen-with-a-mineral-uv-filter/
Sun & Tan,https://www.notino.co.uk/suntan/
Sunblocks SPF 6 – 10,https://www.notino.co.uk/suntan/?f=1-1-2-52433-3905
Sun and Hair,https://www.notino.co.uk/suntan/?f=1-1-2-52434-17878
Sunblocks SPF 15 – 25,https://www.notino.co.uk/suntan/?f=1-1-2-52434-3906
Combination skin,https://www.notino.co.uk/taking-care-of-combination-skin/
Dry skin,https://www.notino.co.uk/taking-care-of-dry-skin/
Oily skin,https://www.notino.co.uk/taking-care-of-oily-skin/
Sensitive skin,https://www.notino.co.uk/taking-care-of-sensitive-skin/
"<img src="",https://cdn.notinoimg.com/images/gallery/spage/01-beard-care_TaylorofOldBondStreet_20190328_16.jpg"" width=""200""  height=""200""  alt=""Taylor of Old Bond Street""  title=""Taylor of Old Bond Street""  />Taylor of Old Bond Street",https://www.notino.co.uk/taylor-of-old-bond-street/
"<img src="",https://cdn.notinoimg.com/images/gallery/spage/dlazdice_dekorativni_kosmetika_tonovaci_kremy_20200514_44.jpg"" width=""200""  height=""200""  alt=""Tinted moisturisers""  title=""Tinted moisturisers""  />Tinted moisturisers",https://www.notino.co.uk/tinted-moisturisers
Tinted moisturisers,https://www.notino.co.uk/tinted-moisturisers/
Traditional shaving,https://www.notino.co.uk/traditional-shaving/
Unisex fragrance,https://www.notino.co.uk/unisex-fragrances/
Unruly and frizzy hair,https://www.notino.co.uk/unruly-and-frizzy-hair/
Wavy and curly hair,https://www.notino.co.uk/wavy-and-curly-hair/
Women′s Hair Removal,https://www.notino.co.uk/womens-hair-removal/
Women's perfume,https://www.notino.co.uk/womens-perfume/
"<img src="",https://cdn.notinoimg.com/images/gallery/spage/Content_category_damske_20190917_35.jpg"" width=""200""  height=""200""  alt=""Women's Fragrance""  title=""Women's Fragrance""  />Women's Fragrance",https://www.notino.co.uk/womens-perfume/
Woody perfumes,https://www.notino.co.uk/woody-perfumes/
